inventory_id,part_num,color_id,quantity,is_spare,img_url.x,version,set_num,part_name,part_cat_id,part_material,part_category,color_name,rgb,is_trans,set_name,year,theme_id,num_parts,img_url.y,theme,parent_id,element_id
4813,12825,72,16,FALSE,https://cdn.rebrickable.com/media/parts/elements/6030710.jpg,1,7962-1,Tile Special 1 x 1 with Clip with Rounded Tips,15,Plastic,Tiles Special,Dark Bluish Gray,6C6E68,FALSE,Anakin's and Sebulba's Podracers,2011,158,810,https://cdn.rebrickable.com/media/sets/7962-1.jpg,Star Wars,NA,6030710
4813,2412b,71,10,FALSE,https://cdn.rebrickable.com/media/parts/elements/4211350.jpg,1,7962-1,Tile Special 1 x 2 Grille with Bottom Groove,15,Plastic,Tiles Special,Light Bluish Gray,A0A5A9,FALSE,Anakin's and Sebulba's Podracers,2011,158,810,https://cdn.rebrickable.com/media/sets/7962-1.jpg,Star Wars,NA,4211350
4813,2412b,72,30,FALSE,https://cdn.rebrickable.com/media/parts/elements/4210631.jpg,1,7962-1,Tile Special 1 x 2 Grille with Bottom Groove,15,Plastic,Tiles Special,Dark Bluish Gray,6C6E68,FALSE,Anakin's and Sebulba's Podracers,2011,158,810,https://cdn.rebrickable.com/media/sets/7962-1.jpg,Star Wars,NA,4210631
4813,2431,19,4,FALSE,https://cdn.rebrickable.com/media/parts/elements/4219765.jpg,1,7962-1,Tile 1 x 4 with Groove,19,Plastic,Tiles,Tan,E4CD9E,FALSE,Anakin's and Sebulba's Podracers,2011,158,810,https://cdn.rebrickable.com/media/sets/7962-1.jpg,Star Wars,NA,4541238
4813,2431,19,4,FALSE,https://cdn.rebrickable.com/media/parts/elements/4219765.jpg,1,7962-1,Tile 1 x 4 with Groove,19,Plastic,Tiles,Tan,E4CD9E,FALSE,Anakin's and Sebulba's Podracers,2011,158,810,https://cdn.rebrickable.com/media/sets/7962-1.jpg,Star Wars,NA,4550324
4813,2431,19,4,FALSE,https://cdn.rebrickable.com/media/parts/elements/4219765.jpg,1,7962-1,Tile 1 x 4 with Groove,19,Plastic,Tiles,Tan,E4CD9E,FALSE,Anakin's and Sebulba's Podracers,2011,158,810,https://cdn.rebrickable.com/media/sets/7962-1.jpg,Star Wars,NA,4219765
4813,2431,25,10,FALSE,https://cdn.rebrickable.com/media/parts/elements/4160593.jpg,1,7962-1,Tile 1 x 4 with Groove,19,Plastic,Tiles,Orange,FE8A18,FALSE,Anakin's and Sebulba's Podracers,2011,158,810,https://cdn.rebrickable.com/media/sets/7962-1.jpg,Star Wars,NA,4160593
4813,2431,72,2,FALSE,https://cdn.rebrickable.com/media/parts/elements/4211053.jpg,1,7962-1,Tile 1 x 4 with Groove,19,Plastic,Tiles,Dark Bluish Gray,6C6E68,FALSE,Anakin's and Sebulba's Podracers,2011,158,810,https://cdn.rebrickable.com/media/sets/7962-1.jpg,Star Wars,NA,4211053
4813,2431,71,4,FALSE,https://cdn.rebrickable.com/media/parts/elements/4211356.jpg,1,7962-1,Tile 1 x 4 with Groove,19,Plastic,Tiles,Light Bluish Gray,A0A5A9,FALSE,Anakin's and Sebulba's Podracers,2011,158,810,https://cdn.rebrickable.com/media/sets/7962-1.jpg,Star Wars,NA,4211356
4813,2431,71,4,FALSE,https://cdn.rebrickable.com/media/parts/elements/4211356.jpg,1,7962-1,Tile 1 x 4 with Groove,19,Plastic,Tiles,Light Bluish Gray,A0A5A9,FALSE,Anakin's and Sebulba's Podracers,2011,158,810,https://cdn.rebrickable.com/media/sets/7962-1.jpg,Star Wars,NA,2431194
4813,2432,72,2,FALSE,https://cdn.rebrickable.com/media/parts/elements/4211039.jpg,1,7962-1,Tile Special 1 x 2 with Handle,15,Plastic,Tiles Special,Dark Bluish Gray,6C6E68,FALSE,Anakin's and Sebulba's Podracers,2011,158,810,https://cdn.rebrickable.com/media/sets/7962-1.jpg,Star Wars,NA,4211039
4813,2436,1,2,FALSE,https://cdn.rebrickable.com/media/parts/elements/4189120.jpg,1,7962-1,Bracket 1 x 2 - 1 x 4 [Square Corners],9,Plastic,Plates Special,Blue,0055BF,FALSE,Anakin's and Sebulba's Podracers,2011,158,810,https://cdn.rebrickable.com/media/sets/7962-1.jpg,Star Wars,NA,4282744
4813,2436,1,2,FALSE,https://cdn.rebrickable.com/media/parts/elements/4189120.jpg,1,7962-1,Bracket 1 x 2 - 1 x 4 [Square Corners],9,Plastic,Plates Special,Blue,0055BF,FALSE,Anakin's and Sebulba's Podracers,2011,158,810,https://cdn.rebrickable.com/media/sets/7962-1.jpg,Star Wars,NA,4189120
4813,2436,0,2,FALSE,https://cdn.rebrickable.com/media/parts/elements/243626.jpg,1,7962-1,Bracket 1 x 2 - 1 x 4 [Square Corners],9,Plastic,Plates Special,Black,05131D,FALSE,Anakin's and Sebulba's Podracers,2011,158,810,https://cdn.rebrickable.com/media/sets/7962-1.jpg,Star Wars,NA,243626
4813,2436,0,2,FALSE,https://cdn.rebrickable.com/media/parts/elements/243626.jpg,1,7962-1,Bracket 1 x 2 - 1 x 4 [Square Corners],9,Plastic,Plates Special,Black,05131D,FALSE,Anakin's and Sebulba's Podracers,2011,158,810,https://cdn.rebrickable.com/media/sets/7962-1.jpg,Star Wars,NA,4282746
4813,2458,71,2,FALSE,https://cdn.rebrickable.com/media/parts/elements/4211364.jpg,1,7962-1,Brick Special 1 x 2 with Pin,5,Plastic,Bricks Special,Light Bluish Gray,A0A5A9,FALSE,Anakin's and Sebulba's Podracers,2011,158,810,https://cdn.rebrickable.com/media/sets/7962-1.jpg,Star Wars,NA,4211364
4813,2540,72,2,FALSE,https://cdn.rebrickable.com/media/parts/elements/4210660.jpg,1,7962-1,Plate Special 1 x 2 Side Handle [Free Ends],9,Plastic,Plates Special,Dark Bluish Gray,6C6E68,FALSE,Anakin's and Sebulba's Podracers,2011,158,810,https://cdn.rebrickable.com/media/sets/7962-1.jpg,Star Wars,NA,4210660
4813,2540,71,2,FALSE,https://cdn.rebrickable.com/media/parts/elements/4211632.jpg,1,7962-1,Plate Special 1 x 2 Side Handle [Free Ends],9,Plastic,Plates Special,Light Bluish Gray,A0A5A9,FALSE,Anakin's and Sebulba's Podracers,2011,158,810,https://cdn.rebrickable.com/media/sets/7962-1.jpg,Star Wars,NA,4211632
4813,2654,72,2,FALSE,https://cdn.rebrickable.com/media/parts/elements/4278274.jpg,1,7962-1,Plate Round 2 x 2 with Rounded Bottom [Boat Stud],21,Plastic,Plates Round Curved and Dishes,Dark Bluish Gray,6C6E68,FALSE,Anakin's and Sebulba's Podracers,2011,158,810,https://cdn.rebrickable.com/media/sets/7962-1.jpg,Star Wars,NA,4613980
4813,2654,72,2,FALSE,https://cdn.rebrickable.com/media/parts/elements/4278274.jpg,1,7962-1,Plate Round 2 x 2 with Rounded Bottom [Boat Stud],21,Plastic,Plates Round Curved and Dishes,Dark Bluish Gray,6C6E68,FALSE,Anakin's and Sebulba's Podracers,2011,158,810,https://cdn.rebrickable.com/media/sets/7962-1.jpg,Star Wars,NA,4278274
4813,2654,72,2,FALSE,https://cdn.rebrickable.com/media/parts/elements/4278274.jpg,1,7962-1,Plate Round 2 x 2 with Rounded Bottom [Boat Stud],21,Plastic,Plates Round Curved and Dishes,Dark Bluish Gray,6C6E68,FALSE,Anakin's and Sebulba's Podracers,2011,158,810,https://cdn.rebrickable.com/media/sets/7962-1.jpg,Star Wars,NA,4210908
4813,2723,0,2,FALSE,https://cdn.rebrickable.com/media/parts/elements/4218868.jpg,1,7962-1,Technic Disk 3 x 3,26,Plastic,Technic Special,Black,05131D,FALSE,Anakin's and Sebulba's Podracers,2011,158,810,https://cdn.rebrickable.com/media/sets/7962-1.jpg,Star Wars,NA,4218868
4813,2723,0,2,FALSE,https://cdn.rebrickable.com/media/parts/elements/4218868.jpg,1,7962-1,Technic Disk 3 x 3,26,Plastic,Technic Special,Black,05131D,FALSE,Anakin's and Sebulba's Podracers,2011,158,810,https://cdn.rebrickable.com/media/sets/7962-1.jpg,Star Wars,NA,4121619
4813,2877,72,8,FALSE,https://cdn.rebrickable.com/media/parts/elements/4210636.jpg,1,7962-1,Brick Special 1 x 2 with Grill,5,Plastic,Bricks Special,Dark Bluish Gray,6C6E68,FALSE,Anakin's and Sebulba's Podracers,2011,158,810,https://cdn.rebrickable.com/media/sets/7962-1.jpg,Star Wars,NA,4210636
4813,298c02,71,1,TRUE,https://cdn.rebrickable.com/media/parts/elements/4221775.jpg,1,7962-1,Lever Small Base with Black Lever,32,Plastic,"Bars, Ladders and Fences",Light Bluish Gray,A0A5A9,FALSE,Anakin's and Sebulba's Podracers,2011,158,810,https://cdn.rebrickable.com/media/sets/7962-1.jpg,Star Wars,NA,4221775
4813,298c02,71,2,FALSE,https://cdn.rebrickable.com/media/parts/elements/4221775.jpg,1,7962-1,Lever Small Base with Black Lever,32,Plastic,"Bars, Ladders and Fences",Light Bluish Gray,A0A5A9,FALSE,Anakin's and Sebulba's Podracers,2011,158,810,https://cdn.rebrickable.com/media/sets/7962-1.jpg,Star Wars,NA,4221775
4813,3003,25,2,FALSE,https://cdn.rebrickable.com/media/parts/elements/4153825.jpg,1,7962-1,Brick 2 x 2,11,Plastic,Bricks,Orange,FE8A18,FALSE,Anakin's and Sebulba's Podracers,2011,158,810,https://cdn.rebrickable.com/media/sets/7962-1.jpg,Star Wars,NA,4153825
4813,3003,25,2,FALSE,https://cdn.rebrickable.com/media/parts/elements/4153825.jpg,1,7962-1,Brick 2 x 2,11,Plastic,Bricks,Orange,FE8A18,FALSE,Anakin's and Sebulba's Podracers,2011,158,810,https://cdn.rebrickable.com/media/sets/7962-1.jpg,Star Wars,NA,4119643
4813,30033,0,2,FALSE,https://cdn.rebrickable.com/media/parts/elements/4119374.jpg,1,7962-1,Plate Special 2 x 2 with Bar Frame Octagonal,9,Plastic,Plates Special,Black,05131D,FALSE,Anakin's and Sebulba's Podracers,2011,158,810,https://cdn.rebrickable.com/media/sets/7962-1.jpg,Star Wars,NA,4514342
4813,30033,0,2,FALSE,https://cdn.rebrickable.com/media/parts/elements/4119374.jpg,1,7962-1,Plate Special 2 x 2 with Bar Frame Octagonal,9,Plastic,Plates Special,Black,05131D,FALSE,Anakin's and Sebulba's Podracers,2011,158,810,https://cdn.rebrickable.com/media/sets/7962-1.jpg,Star Wars,NA,4119374
4813,3004,71,4,FALSE,https://cdn.rebrickable.com/media/parts/elements/4211388.jpg,1,7962-1,Brick 1 x 2,11,Plastic,Bricks,Light Bluish Gray,A0A5A9,FALSE,Anakin's and Sebulba's Podracers,2011,158,810,https://cdn.rebrickable.com/media/sets/7962-1.jpg,Star Wars,NA,4211388
4813,30162,72,2,FALSE,https://cdn.rebrickable.com/media/parts/elements/4211051.jpg,1,7962-1,Equipment Binoculars,27,Plastic,Minifig Accessories,Dark Bluish Gray,6C6E68,FALSE,Anakin's and Sebulba's Podracers,2011,158,810,https://cdn.rebrickable.com/media/sets/7962-1.jpg,Star Wars,NA,4587887
4813,30162,72,2,FALSE,https://cdn.rebrickable.com/media/parts/elements/4211051.jpg,1,7962-1,Equipment Binoculars,27,Plastic,Minifig Accessories,Dark Bluish Gray,6C6E68,FALSE,Anakin's and Sebulba's Podracers,2011,158,810,https://cdn.rebrickable.com/media/sets/7962-1.jpg,Star Wars,NA,4211051
4813,30194,72,4,FALSE,https://cdn.rebrickable.com/media/parts/elements/4211080.jpg,1,7962-1,Tool Circular Saw,27,Plastic,Minifig Accessories,Dark Bluish Gray,6C6E68,FALSE,Anakin's and Sebulba's Podracers,2011,158,810,https://cdn.rebrickable.com/media/sets/7962-1.jpg,Star Wars,NA,4211080
4813,3020,70,8,FALSE,https://cdn.rebrickable.com/media/parts/elements/4211186.jpg,1,7962-1,Plate 2 x 4,14,Plastic,Plates,Reddish Brown,582A12,FALSE,Anakin's and Sebulba's Podracers,2011,158,810,https://cdn.rebrickable.com/media/sets/7962-1.jpg,Star Wars,NA,4211186
4813,3020,71,2,FALSE,https://cdn.rebrickable.com/media/parts/elements/4211395.jpg,1,7962-1,Plate 2 x 4,14,Plastic,Plates,Light Bluish Gray,A0A5A9,FALSE,Anakin's and Sebulba's Podracers,2011,158,810,https://cdn.rebrickable.com/media/sets/7962-1.jpg,Star Wars,NA,4211395
4813,3020,19,1,FALSE,https://cdn.rebrickable.com/media/parts/elements/4114309.jpg,1,7962-1,Plate 2 x 4,14,Plastic,Plates,Tan,E4CD9E,FALSE,Anakin's and Sebulba's Podracers,2011,158,810,https://cdn.rebrickable.com/media/sets/7962-1.jpg,Star Wars,NA,4114309
4813,3020,19,1,FALSE,https://cdn.rebrickable.com/media/parts/elements/4114309.jpg,1,7962-1,Plate 2 x 4,14,Plastic,Plates,Tan,E4CD9E,FALSE,Anakin's and Sebulba's Podracers,2011,158,810,https://cdn.rebrickable.com/media/sets/7962-1.jpg,Star Wars,NA,302005
4813,3021,25,20,FALSE,https://cdn.rebrickable.com/media/parts/elements/4125278.jpg,1,7962-1,Plate 2 x 3,14,Plastic,Plates,Orange,FE8A18,FALSE,Anakin's and Sebulba's Podracers,2011,158,810,https://cdn.rebrickable.com/media/sets/7962-1.jpg,Star Wars,NA,4125278
4813,3021,71,10,FALSE,https://cdn.rebrickable.com/media/parts/elements/4211396.jpg,1,7962-1,Plate 2 x 3,14,Plastic,Plates,Light Bluish Gray,A0A5A9,FALSE,Anakin's and Sebulba's Podracers,2011,158,810,https://cdn.rebrickable.com/media/sets/7962-1.jpg,Star Wars,NA,4211396
4813,3021,70,1,FALSE,https://cdn.rebrickable.com/media/parts/elements/4211189.jpg,1,7962-1,Plate 2 x 3,14,Plastic,Plates,Reddish Brown,582A12,FALSE,Anakin's and Sebulba's Podracers,2011,158,810,https://cdn.rebrickable.com/media/sets/7962-1.jpg,Star Wars,NA,4211189
4813,3021,0,4,FALSE,https://cdn.rebrickable.com/media/parts/elements/302126.jpg,1,7962-1,Plate 2 x 3,14,Plastic,Plates,Black,05131D,FALSE,Anakin's and Sebulba's Podracers,2011,158,810,https://cdn.rebrickable.com/media/sets/7962-1.jpg,Star Wars,NA,302126
4813,3022,25,4,FALSE,https://cdn.rebrickable.com/media/parts/elements/4159007.jpg,1,7962-1,Plate 2 x 2,14,Plastic,Plates,Orange,FE8A18,FALSE,Anakin's and Sebulba's Podracers,2011,158,810,https://cdn.rebrickable.com/media/sets/7962-1.jpg,Star Wars,NA,4613982
4813,3022,25,4,FALSE,https://cdn.rebrickable.com/media/parts/elements/4159007.jpg,1,7962-1,Plate 2 x 2,14,Plastic,Plates,Orange,FE8A18,FALSE,Anakin's and Sebulba's Podracers,2011,158,810,https://cdn.rebrickable.com/media/sets/7962-1.jpg,Star Wars,NA,4159007
4813,3022,25,4,FALSE,https://cdn.rebrickable.com/media/parts/elements/4159007.jpg,1,7962-1,Plate 2 x 2,14,Plastic,Plates,Orange,FE8A18,FALSE,Anakin's and Sebulba's Podracers,2011,158,810,https://cdn.rebrickable.com/media/sets/7962-1.jpg,Star Wars,NA,4122467
4813,3022,25,4,FALSE,https://cdn.rebrickable.com/media/parts/elements/4159007.jpg,1,7962-1,Plate 2 x 2,14,Plastic,Plates,Orange,FE8A18,FALSE,Anakin's and Sebulba's Podracers,2011,158,810,https://cdn.rebrickable.com/media/sets/7962-1.jpg,Star Wars,NA,3022106
4813,3022,4,1,FALSE,https://cdn.rebrickable.com/media/parts/elements/302221.jpg,1,7962-1,Plate 2 x 2,14,Plastic,Plates,Red,C91A09,FALSE,Anakin's and Sebulba's Podracers,2011,158,810,https://cdn.rebrickable.com/media/sets/7962-1.jpg,Star Wars,NA,302221
4813,3022,4,1,FALSE,https://cdn.rebrickable.com/media/parts/elements/302221.jpg,1,7962-1,Plate 2 x 2,14,Plastic,Plates,Red,C91A09,FALSE,Anakin's and Sebulba's Podracers,2011,158,810,https://cdn.rebrickable.com/media/sets/7962-1.jpg,Star Wars,NA,4613974
4813,3022,0,4,FALSE,https://cdn.rebrickable.com/media/parts/elements/302226.jpg,1,7962-1,Plate 2 x 2,14,Plastic,Plates,Black,05131D,FALSE,Anakin's and Sebulba's Podracers,2011,158,810,https://cdn.rebrickable.com/media/sets/7962-1.jpg,Star Wars,NA,302226
4813,3023,28,8,FALSE,https://cdn.rebrickable.com/media/parts/elements/4528604.jpg,1,7962-1,Plate 1 x 2,14,Plastic,Plates,Dark Tan,958A73,FALSE,Anakin's and Sebulba's Podracers,2011,158,810,https://cdn.rebrickable.com/media/sets/7962-1.jpg,Star Wars,NA,4528604
4813,3023,28,8,FALSE,https://cdn.rebrickable.com/media/parts/elements/4528604.jpg,1,7962-1,Plate 1 x 2,14,Plastic,Plates,Dark Tan,958A73,FALSE,Anakin's and Sebulba's Podracers,2011,158,810,https://cdn.rebrickable.com/media/sets/7962-1.jpg,Star Wars,NA,4497082
4813,3023,70,8,FALSE,https://cdn.rebrickable.com/media/parts/elements/4211150.jpg,1,7962-1,Plate 1 x 2,14,Plastic,Plates,Reddish Brown,582A12,FALSE,Anakin's and Sebulba's Podracers,2011,158,810,https://cdn.rebrickable.com/media/sets/7962-1.jpg,Star Wars,NA,4211150
4813,3023,0,2,FALSE,https://cdn.rebrickable.com/media/parts/elements/302326.jpg,1,7962-1,Plate 1 x 2,14,Plastic,Plates,Black,05131D,FALSE,Anakin's and Sebulba's Podracers,2011,158,810,https://cdn.rebrickable.com/media/sets/7962-1.jpg,Star Wars,NA,302326
4813,3024,0,8,FALSE,https://cdn.rebrickable.com/media/parts/elements/302426.jpg,1,7962-1,Plate 1 x 1,14,Plastic,Plates,Black,05131D,FALSE,Anakin's and Sebulba's Podracers,2011,158,810,https://cdn.rebrickable.com/media/sets/7962-1.jpg,Star Wars,NA,302426
4813,3031,72,1,FALSE,https://cdn.rebrickable.com/media/parts/elements/4243831.jpg,1,7962-1,Plate 4 x 4,14,Plastic,Plates,Dark Bluish Gray,6C6E68,FALSE,Anakin's and Sebulba's Podracers,2011,158,810,https://cdn.rebrickable.com/media/sets/7962-1.jpg,Star Wars,NA,4243831
4813,3031,72,1,FALSE,https://cdn.rebrickable.com/media/parts/elements/4243831.jpg,1,7962-1,Plate 4 x 4,14,Plastic,Plates,Dark Bluish Gray,6C6E68,FALSE,Anakin's and Sebulba's Podracers,2011,158,810,https://cdn.rebrickable.com/media/sets/7962-1.jpg,Star Wars,NA,4211089
4813,3032,71,8,FALSE,https://cdn.rebrickable.com/media/parts/elements/4211404.jpg,1,7962-1,Plate 4 x 6,14,Plastic,Plates,Light Bluish Gray,A0A5A9,FALSE,Anakin's and Sebulba's Podracers,2011,158,810,https://cdn.rebrickable.com/media/sets/7962-1.jpg,Star Wars,NA,4211404
4813,30350c,72,2,FALSE,https://cdn.rebrickable.com/media/parts/ldraw/72/30350c.png,1,7962-1,Tile Special 2 x 3 with 2 Clips [Thick U Clips],15,Plastic,Tiles Special,Dark Bluish Gray,6C6E68,FALSE,Anakin's and Sebulba's Podracers,2011,158,810,https://cdn.rebrickable.com/media/sets/7962-1.jpg,Star Wars,NA,NA
4813,30357,19,8,FALSE,https://cdn.rebrickable.com/media/parts/elements/4543858.jpg,1,7962-1,Plate Round Corner 3 x 3,21,Plastic,Plates Round Curved and Dishes,Tan,E4CD9E,FALSE,Anakin's and Sebulba's Podracers,2011,158,810,https://cdn.rebrickable.com/media/sets/7962-1.jpg,Star Wars,NA,4543858
4813,30360,72,2,FALSE,https://cdn.rebrickable.com/media/parts/ldraw/72/30360.png,1,7962-1,Cylinder 3 x 6 x 2 2/3 Horizontal Hollow Studs,20,Plastic,Bricks Round and Cones,Dark Bluish Gray,6C6E68,FALSE,Anakin's and Sebulba's Podracers,2011,158,810,https://cdn.rebrickable.com/media/sets/7962-1.jpg,Star Wars,NA,NA
4813,30364,14,8,FALSE,https://cdn.rebrickable.com/media/parts/elements/4220284.jpg,1,7962-1,Hinge Brick 1 x 2 Locking with 1 Finger Vertical End,18,Plastic,"Hinges, Arms and Turntables",Yellow,F2CD37,FALSE,Anakin's and Sebulba's Podracers,2011,158,810,https://cdn.rebrickable.com/media/sets/7962-1.jpg,Star Wars,NA,4220284
4813,30364,14,8,FALSE,https://cdn.rebrickable.com/media/parts/elements/4220284.jpg,1,7962-1,Hinge Brick 1 x 2 Locking with 1 Finger Vertical End,18,Plastic,"Hinges, Arms and Turntables",Yellow,F2CD37,FALSE,Anakin's and Sebulba's Podracers,2011,158,810,https://cdn.rebrickable.com/media/sets/7962-1.jpg,Star Wars,NA,3036424
4813,30367b,25,2,FALSE,https://cdn.rebrickable.com/media/parts/elements/4216653.jpg,1,7962-1,Brick Round 2 x 2 Dome Top - Blocked Open Stud with Bottom Axle Holder x Shape + Orientation,20,Plastic,Bricks Round and Cones,Orange,FE8A18,FALSE,Anakin's and Sebulba's Podracers,2011,158,810,https://cdn.rebrickable.com/media/sets/7962-1.jpg,Star Wars,NA,4216653
4813,30374,41,1,FALSE,https://cdn.rebrickable.com/media/parts/elements/4124073.jpg,1,7962-1,Bar 4L (Lightsaber Blade / Wand),32,Plastic,"Bars, Ladders and Fences",Trans-Light Blue,AEEFEC,TRUE,Anakin's and Sebulba's Podracers,2011,158,810,https://cdn.rebrickable.com/media/sets/7962-1.jpg,Star Wars,NA,4124073
4813,30374,41,1,FALSE,https://cdn.rebrickable.com/media/parts/elements/4124073.jpg,1,7962-1,Bar 4L (Lightsaber Blade / Wand),32,Plastic,"Bars, Ladders and Fences",Trans-Light Blue,AEEFEC,TRUE,Anakin's and Sebulba's Podracers,2011,158,810,https://cdn.rebrickable.com/media/sets/7962-1.jpg,Star Wars,NA,6170187
4813,30374,71,20,FALSE,https://cdn.rebrickable.com/media/parts/elements/4211628.jpg,1,7962-1,Bar 4L (Lightsaber Blade / Wand),32,Plastic,"Bars, Ladders and Fences",Light Bluish Gray,A0A5A9,FALSE,Anakin's and Sebulba's Podracers,2011,158,810,https://cdn.rebrickable.com/media/sets/7962-1.jpg,Star Wars,NA,6116608
4813,30374,71,20,FALSE,https://cdn.rebrickable.com/media/parts/elements/4211628.jpg,1,7962-1,Bar 4L (Lightsaber Blade / Wand),32,Plastic,"Bars, Ladders and Fences",Light Bluish Gray,A0A5A9,FALSE,Anakin's and Sebulba's Podracers,2011,158,810,https://cdn.rebrickable.com/media/sets/7962-1.jpg,Star Wars,NA,4211628
4813,30374,297,4,FALSE,https://cdn.rebrickable.com/media/parts/elements/4600267.jpg,1,7962-1,Bar 4L (Lightsaber Blade / Wand),32,Plastic,"Bars, Ladders and Fences",Pearl Gold,AA7F2E,FALSE,Anakin's and Sebulba's Podracers,2011,158,810,https://cdn.rebrickable.com/media/sets/7962-1.jpg,Star Wars,NA,4600267
4813,30383,71,2,FALSE,https://cdn.rebrickable.com/media/parts/elements/4219913.jpg,1,7962-1,Hinge Plate 1 x 2 Locking with 1 Finger On Top,18,Plastic,"Hinges, Arms and Turntables",Light Bluish Gray,A0A5A9,FALSE,Anakin's and Sebulba's Podracers,2011,158,810,https://cdn.rebrickable.com/media/sets/7962-1.jpg,Star Wars,NA,4219913
4813,30383,71,2,FALSE,https://cdn.rebrickable.com/media/parts/elements/4219913.jpg,1,7962-1,Hinge Plate 1 x 2 Locking with 1 Finger On Top,18,Plastic,"Hinges, Arms and Turntables",Light Bluish Gray,A0A5A9,FALSE,Anakin's and Sebulba's Podracers,2011,158,810,https://cdn.rebrickable.com/media/sets/7962-1.jpg,Star Wars,NA,6265694
4813,30383,72,2,FALSE,https://cdn.rebrickable.com/media/parts/elements/4210726.jpg,1,7962-1,Hinge Plate 1 x 2 Locking with 1 Finger On Top,18,Plastic,"Hinges, Arms and Turntables",Dark Bluish Gray,6C6E68,FALSE,Anakin's and Sebulba's Podracers,2011,158,810,https://cdn.rebrickable.com/media/sets/7962-1.jpg,Star Wars,NA,4210726
4813,30383,72,2,FALSE,https://cdn.rebrickable.com/media/parts/elements/4210726.jpg,1,7962-1,Hinge Plate 1 x 2 Locking with 1 Finger On Top,18,Plastic,"Hinges, Arms and Turntables",Dark Bluish Gray,6C6E68,FALSE,Anakin's and Sebulba's Podracers,2011,158,810,https://cdn.rebrickable.com/media/sets/7962-1.jpg,Star Wars,NA,6265693
4813,30407,14,6,FALSE,https://cdn.rebrickable.com/media/parts/elements/4124433.jpg,1,7962-1,"Hinge Plate 1 x 8 with Angled Side Extensions, Rounded Plate Underside",18,Plastic,"Hinges, Arms and Turntables",Yellow,F2CD37,FALSE,Anakin's and Sebulba's Podracers,2011,158,810,https://cdn.rebrickable.com/media/sets/7962-1.jpg,Star Wars,NA,4294480
4813,30407,14,6,FALSE,https://cdn.rebrickable.com/media/parts/elements/4124433.jpg,1,7962-1,"Hinge Plate 1 x 8 with Angled Side Extensions, Rounded Plate Underside",18,Plastic,"Hinges, Arms and Turntables",Yellow,F2CD37,FALSE,Anakin's and Sebulba's Podracers,2011,158,810,https://cdn.rebrickable.com/media/sets/7962-1.jpg,Star Wars,NA,4124433
4813,30407,14,6,FALSE,https://cdn.rebrickable.com/media/parts/elements/4124433.jpg,1,7962-1,"Hinge Plate 1 x 8 with Angled Side Extensions, Rounded Plate Underside",18,Plastic,"Hinges, Arms and Turntables",Yellow,F2CD37,FALSE,Anakin's and Sebulba's Podracers,2011,158,810,https://cdn.rebrickable.com/media/sets/7962-1.jpg,Star Wars,NA,4626523
4813,30414,0,8,FALSE,https://cdn.rebrickable.com/media/parts/elements/4162443.jpg,1,7962-1,Brick Special 1 x 4 with 4 Studs on One Side,5,Plastic,Bricks Special,Black,05131D,FALSE,Anakin's and Sebulba's Podracers,2011,158,810,https://cdn.rebrickable.com/media/sets/7962-1.jpg,Star Wars,NA,4162443
4813,30553,71,2,FALSE,https://cdn.rebrickable.com/media/parts/elements/4222047.jpg,1,7962-1,"Hinge Cylinder 1 x 2 Locking with 2 Click Fingers and Axle Hole, 9 Teeth",18,Plastic,"Hinges, Arms and Turntables",Light Bluish Gray,A0A5A9,FALSE,Anakin's and Sebulba's Podracers,2011,158,810,https://cdn.rebrickable.com/media/sets/7962-1.jpg,Star Wars,NA,4222047
4813,30554b,0,2,FALSE,https://cdn.rebrickable.com/media/parts/elements/4143246.jpg,1,7962-1,"Hinge Cylinder 1 x 3 Locking with 1 Finger and 2 Fingers On Ends, with Hole",18,Plastic,"Hinges, Arms and Turntables",Black,05131D,FALSE,Anakin's and Sebulba's Podracers,2011,158,810,https://cdn.rebrickable.com/media/sets/7962-1.jpg,Star Wars,NA,4143246
4813,30554b,0,2,FALSE,https://cdn.rebrickable.com/media/parts/elements/4143246.jpg,1,7962-1,"Hinge Cylinder 1 x 3 Locking with 1 Finger and 2 Fingers On Ends, with Hole",18,Plastic,"Hinges, Arms and Turntables",Black,05131D,FALSE,Anakin's and Sebulba's Podracers,2011,158,810,https://cdn.rebrickable.com/media/sets/7962-1.jpg,Star Wars,NA,4507820
4813,30602,25,1,FALSE,https://cdn.rebrickable.com/media/parts/elements/4169355.jpg,1,7962-1,"Slope Curved 2 x 2 with Lip, No Studs",37,Plastic,Bricks Curved,Orange,FE8A18,FALSE,Anakin's and Sebulba's Podracers,2011,158,810,https://cdn.rebrickable.com/media/sets/7962-1.jpg,Star Wars,NA,4169355
4813,3062b,72,10,FALSE,https://cdn.rebrickable.com/media/parts/elements/4211090.jpg,1,7962-1,Brick Round 1 x 1 Open Stud,20,Plastic,Bricks Round and Cones,Dark Bluish Gray,6C6E68,FALSE,Anakin's and Sebulba's Podracers,2011,158,810,https://cdn.rebrickable.com/media/sets/7962-1.jpg,Star Wars,NA,4211090
4813,3062b,0,10,FALSE,https://cdn.rebrickable.com/media/parts/elements/306226.jpg,1,7962-1,Brick Round 1 x 1 Open Stud,20,Plastic,Bricks Round and Cones,Black,05131D,FALSE,Anakin's and Sebulba's Podracers,2011,158,810,https://cdn.rebrickable.com/media/sets/7962-1.jpg,Star Wars,NA,306226
4813,3062b,14,2,FALSE,https://cdn.rebrickable.com/media/parts/elements/306224.jpg,1,7962-1,Brick Round 1 x 1 Open Stud,20,Plastic,Bricks Round and Cones,Yellow,F2CD37,FALSE,Anakin's and Sebulba's Podracers,2011,158,810,https://cdn.rebrickable.com/media/sets/7962-1.jpg,Star Wars,NA,306224
4813,3062b,14,2,FALSE,https://cdn.rebrickable.com/media/parts/elements/306224.jpg,1,7962-1,Brick Round 1 x 1 Open Stud,20,Plastic,Bricks Round and Cones,Yellow,F2CD37,FALSE,Anakin's and Sebulba's Podracers,2011,158,810,https://cdn.rebrickable.com/media/sets/7962-1.jpg,Star Wars,NA,306844
4813,3069b,25,2,FALSE,https://cdn.rebrickable.com/media/parts/elements/4188771.jpg,1,7962-1,Tile 1 x 2 with Groove,19,Plastic,Tiles,Orange,FE8A18,FALSE,Anakin's and Sebulba's Podracers,2011,158,810,https://cdn.rebrickable.com/media/sets/7962-1.jpg,Star Wars,NA,4188771
4813,3069b,71,2,FALSE,https://cdn.rebrickable.com/media/parts/elements/4211414.jpg,1,7962-1,Tile 1 x 2 with Groove,19,Plastic,Tiles,Light Bluish Gray,A0A5A9,FALSE,Anakin's and Sebulba's Podracers,2011,158,810,https://cdn.rebrickable.com/media/sets/7962-1.jpg,Star Wars,NA,4211414
4813,3070b,0,1,FALSE,https://cdn.rebrickable.com/media/parts/elements/307026.jpg,1,7962-1,Tile 1 x 1 with Groove,19,Plastic,Tiles,Black,05131D,FALSE,Anakin's and Sebulba's Podracers,2011,158,810,https://cdn.rebrickable.com/media/sets/7962-1.jpg,Star Wars,NA,307026
4813,3070b,0,1,TRUE,https://cdn.rebrickable.com/media/parts/elements/307026.jpg,1,7962-1,Tile 1 x 1 with Groove,19,Plastic,Tiles,Black,05131D,FALSE,Anakin's and Sebulba's Podracers,2011,158,810,https://cdn.rebrickable.com/media/sets/7962-1.jpg,Star Wars,NA,307026
4813,32000,71,2,FALSE,https://cdn.rebrickable.com/media/parts/elements/4211541.jpg,1,7962-1,Technic Brick 1 x 2 [2 Holes],8,Plastic,Technic Bricks,Light Bluish Gray,A0A5A9,FALSE,Anakin's and Sebulba's Podracers,2011,158,810,https://cdn.rebrickable.com/media/sets/7962-1.jpg,Star Wars,NA,4211541
4813,32009,47,4,FALSE,https://cdn.rebrickable.com/media/parts/elements/4625586.jpg,1,7962-1,Technic Beam 1 x 11.5 Double Bent Thick,51,Plastic,Technic Beams,Trans-Clear,FCFCFC,TRUE,Anakin's and Sebulba's Podracers,2011,158,810,https://cdn.rebrickable.com/media/sets/7962-1.jpg,Star Wars,NA,4625586
4813,32009,47,4,FALSE,https://cdn.rebrickable.com/media/parts/elements/4625586.jpg,1,7962-1,Technic Beam 1 x 11.5 Double Bent Thick,51,Plastic,Technic Beams,Trans-Clear,FCFCFC,TRUE,Anakin's and Sebulba's Podracers,2011,158,810,https://cdn.rebrickable.com/media/sets/7962-1.jpg,Star Wars,NA,6192417
4813,32039,71,2,FALSE,https://cdn.rebrickable.com/media/parts/elements/4211553.jpg,1,7962-1,Technic Axle Connector with Axle Hole,12,Plastic,Technic Connectors,Light Bluish Gray,A0A5A9,FALSE,Anakin's and Sebulba's Podracers,2011,158,810,https://cdn.rebrickable.com/media/sets/7962-1.jpg,Star Wars,NA,4211553
4813,32062,4,2,FALSE,https://cdn.rebrickable.com/media/parts/elements/4142865.jpg,1,7962-1,Technic Axle 2 Notched,46,Plastic,Technic Axles,Red,C91A09,FALSE,Anakin's and Sebulba's Podracers,2011,158,810,https://cdn.rebrickable.com/media/sets/7962-1.jpg,Star Wars,NA,4142865
4813,32064b,72,12,FALSE,https://cdn.rebrickable.com/media/parts/ldraw/72/32064d.png,1,7962-1,Technic Brick 1 x 2 with Axle Hole Type 2 [X Opening],8,Plastic,Technic Bricks,Dark Bluish Gray,6C6E68,FALSE,Anakin's and Sebulba's Podracers,2011,158,810,https://cdn.rebrickable.com/media/sets/7962-1.jpg,Star Wars,NA,NA
4813,32123b,14,2,TRUE,https://cdn.rebrickable.com/media/parts/elements/6271167.jpg,1,7962-1,Technic Bush 1/2 Smooth with Axle Hole Semi-Reduced,54,Plastic,Technic Bushes,Yellow,F2CD37,FALSE,Anakin's and Sebulba's Podracers,2011,158,810,https://cdn.rebrickable.com/media/sets/7962-1.jpg,Star Wars,NA,3212324
4813,32123b,14,2,TRUE,https://cdn.rebrickable.com/media/parts/elements/6271167.jpg,1,7962-1,Technic Bush 1/2 Smooth with Axle Hole Semi-Reduced,54,Plastic,Technic Bushes,Yellow,F2CD37,FALSE,Anakin's and Sebulba's Podracers,2011,158,810,https://cdn.rebrickable.com/media/sets/7962-1.jpg,Star Wars,NA,6271167
4813,32123b,14,4,FALSE,https://cdn.rebrickable.com/media/parts/elements/6271167.jpg,1,7962-1,Technic Bush 1/2 Smooth with Axle Hole Semi-Reduced,54,Plastic,Technic Bushes,Yellow,F2CD37,FALSE,Anakin's and Sebulba's Podracers,2011,158,810,https://cdn.rebrickable.com/media/sets/7962-1.jpg,Star Wars,NA,3212324
4813,32123b,14,4,FALSE,https://cdn.rebrickable.com/media/parts/elements/6271167.jpg,1,7962-1,Technic Bush 1/2 Smooth with Axle Hole Semi-Reduced,54,Plastic,Technic Bushes,Yellow,F2CD37,FALSE,Anakin's and Sebulba's Podracers,2011,158,810,https://cdn.rebrickable.com/media/sets/7962-1.jpg,Star Wars,NA,6271167
4813,32123b,71,1,TRUE,https://cdn.rebrickable.com/media/parts/elements/6271165.jpg,1,7962-1,Technic Bush 1/2 Smooth with Axle Hole Semi-Reduced,54,Plastic,Technic Bushes,Light Bluish Gray,A0A5A9,FALSE,Anakin's and Sebulba's Podracers,2011,158,810,https://cdn.rebrickable.com/media/sets/7962-1.jpg,Star Wars,NA,6271165
4813,32123b,71,2,FALSE,https://cdn.rebrickable.com/media/parts/elements/6271165.jpg,1,7962-1,Technic Bush 1/2 Smooth with Axle Hole Semi-Reduced,54,Plastic,Technic Bushes,Light Bluish Gray,A0A5A9,FALSE,Anakin's and Sebulba's Podracers,2011,158,810,https://cdn.rebrickable.com/media/sets/7962-1.jpg,Star Wars,NA,6271165
4813,32126,71,2,FALSE,https://cdn.rebrickable.com/media/parts/elements/4211575.jpg,1,7962-1,Technic Axle and Pin Connector Toggle Joint Smooth,12,Plastic,Technic Connectors,Light Bluish Gray,A0A5A9,FALSE,Anakin's and Sebulba's Podracers,2011,158,810,https://cdn.rebrickable.com/media/sets/7962-1.jpg,Star Wars,NA,4211575
4813,32278,47,6,FALSE,https://cdn.rebrickable.com/media/parts/elements/4625594.jpg,1,7962-1,Technic Beam 1 x 15 Thick,51,Plastic,Technic Beams,Trans-Clear,FCFCFC,TRUE,Anakin's and Sebulba's Podracers,2011,158,810,https://cdn.rebrickable.com/media/sets/7962-1.jpg,Star Wars,NA,4625594
4813,32278,47,6,FALSE,https://cdn.rebrickable.com/media/parts/elements/4625594.jpg,1,7962-1,Technic Beam 1 x 15 Thick,51,Plastic,Technic Beams,Trans-Clear,FCFCFC,TRUE,Anakin's and Sebulba's Podracers,2011,158,810,https://cdn.rebrickable.com/media/sets/7962-1.jpg,Star Wars,NA,6257969
4813,32526,72,2,FALSE,https://cdn.rebrickable.com/media/parts/elements/4210753.jpg,1,7962-1,Technic Beam 3 x 5 L-Shape Thick,51,Plastic,Technic Beams,Dark Bluish Gray,6C6E68,FALSE,Anakin's and Sebulba's Podracers,2011,158,810,https://cdn.rebrickable.com/media/sets/7962-1.jpg,Star Wars,NA,4210753
4813,32556,19,16,FALSE,https://cdn.rebrickable.com/media/parts/elements/4514554.jpg,1,7962-1,Technic Pin Long without Friction Ridges,53,Plastic,Technic Pins,Tan,E4CD9E,FALSE,Anakin's and Sebulba's Podracers,2011,158,810,https://cdn.rebrickable.com/media/sets/7962-1.jpg,Star Wars,NA,4514554
4813,3460,19,4,FALSE,https://cdn.rebrickable.com/media/parts/elements/4114324.jpg,1,7962-1,Plate 1 x 8,14,Plastic,Plates,Tan,E4CD9E,FALSE,Anakin's and Sebulba's Podracers,2011,158,810,https://cdn.rebrickable.com/media/sets/7962-1.jpg,Star Wars,NA,4114324
4813,3460,19,4,FALSE,https://cdn.rebrickable.com/media/parts/elements/4114324.jpg,1,7962-1,Plate 1 x 8,14,Plastic,Plates,Tan,E4CD9E,FALSE,Anakin's and Sebulba's Podracers,2011,158,810,https://cdn.rebrickable.com/media/sets/7962-1.jpg,Star Wars,NA,346005
4813,3622,25,2,FALSE,https://cdn.rebrickable.com/media/parts/elements/4118787.jpg,1,7962-1,Brick 1 x 3,11,Plastic,Bricks,Orange,FE8A18,FALSE,Anakin's and Sebulba's Podracers,2011,158,810,https://cdn.rebrickable.com/media/sets/7962-1.jpg,Star Wars,NA,4118787
4813,3622,0,4,FALSE,https://cdn.rebrickable.com/media/parts/elements/362226.jpg,1,7962-1,Brick 1 x 3,11,Plastic,Bricks,Black,05131D,FALSE,Anakin's and Sebulba's Podracers,2011,158,810,https://cdn.rebrickable.com/media/sets/7962-1.jpg,Star Wars,NA,362226
4813,3623,15,4,FALSE,https://cdn.rebrickable.com/media/parts/elements/362301.jpg,1,7962-1,Plate 1 x 3,14,Plastic,Plates,White,FFFFFF,FALSE,Anakin's and Sebulba's Podracers,2011,158,810,https://cdn.rebrickable.com/media/sets/7962-1.jpg,Star Wars,NA,362301
4813,3623,19,2,FALSE,https://cdn.rebrickable.com/media/parts/elements/4121921.jpg,1,7962-1,Plate 1 x 3,14,Plastic,Plates,Tan,E4CD9E,FALSE,Anakin's and Sebulba's Podracers,2011,158,810,https://cdn.rebrickable.com/media/sets/7962-1.jpg,Star Wars,NA,362305
4813,3623,19,2,FALSE,https://cdn.rebrickable.com/media/parts/elements/4121921.jpg,1,7962-1,Plate 1 x 3,14,Plastic,Plates,Tan,E4CD9E,FALSE,Anakin's and Sebulba's Podracers,2011,158,810,https://cdn.rebrickable.com/media/sets/7962-1.jpg,Star Wars,NA,4121921
4813,3665,71,1,FALSE,https://cdn.rebrickable.com/media/parts/elements/4211437.jpg,1,7962-1,Slope Inverted 45° 2 x 1,3,Plastic,Bricks Sloped,Light Bluish Gray,A0A5A9,FALSE,Anakin's and Sebulba's Podracers,2011,158,810,https://cdn.rebrickable.com/media/sets/7962-1.jpg,Star Wars,NA,4211437
4813,3666,25,8,FALSE,https://cdn.rebrickable.com/media/parts/elements/4173332.jpg,1,7962-1,Plate 1 x 6,14,Plastic,Plates,Orange,FE8A18,FALSE,Anakin's and Sebulba's Podracers,2011,158,810,https://cdn.rebrickable.com/media/sets/7962-1.jpg,Star Wars,NA,4173332
4813,3666,25,8,FALSE,https://cdn.rebrickable.com/media/parts/elements/4173332.jpg,1,7962-1,Plate 1 x 6,14,Plastic,Plates,Orange,FE8A18,FALSE,Anakin's and Sebulba's Podracers,2011,158,810,https://cdn.rebrickable.com/media/sets/7962-1.jpg,Star Wars,NA,3666106
4813,3666,25,8,FALSE,https://cdn.rebrickable.com/media/parts/elements/4173332.jpg,1,7962-1,Plate 1 x 6,14,Plastic,Plates,Orange,FE8A18,FALSE,Anakin's and Sebulba's Podracers,2011,158,810,https://cdn.rebrickable.com/media/sets/7962-1.jpg,Star Wars,NA,4122466
4813,3666,15,12,FALSE,https://cdn.rebrickable.com/media/parts/elements/366601.jpg,1,7962-1,Plate 1 x 6,14,Plastic,Plates,White,FFFFFF,FALSE,Anakin's and Sebulba's Podracers,2011,158,810,https://cdn.rebrickable.com/media/sets/7962-1.jpg,Star Wars,NA,366601
4813,3702,71,1,FALSE,https://cdn.rebrickable.com/media/parts/elements/4211442.jpg,1,7962-1,Technic Brick 1 x 8 [7 Holes],8,Plastic,Technic Bricks,Light Bluish Gray,A0A5A9,FALSE,Anakin's and Sebulba's Podracers,2011,158,810,https://cdn.rebrickable.com/media/sets/7962-1.jpg,Star Wars,NA,4211442
4813,3706,0,4,FALSE,https://cdn.rebrickable.com/media/parts/elements/370626.jpg,1,7962-1,Technic Axle 6,46,Plastic,Technic Axles,Black,05131D,FALSE,Anakin's and Sebulba's Podracers,2011,158,810,https://cdn.rebrickable.com/media/sets/7962-1.jpg,Star Wars,NA,370626
4813,3710,71,2,FALSE,https://cdn.rebrickable.com/media/parts/elements/4211445.jpg,1,7962-1,Plate 1 x 4,14,Plastic,Plates,Light Bluish Gray,A0A5A9,FALSE,Anakin's and Sebulba's Podracers,2011,158,810,https://cdn.rebrickable.com/media/sets/7962-1.jpg,Star Wars,NA,4211445
4813,3710,1,4,FALSE,https://cdn.rebrickable.com/media/parts/elements/371023.jpg,1,7962-1,Plate 1 x 4,14,Plastic,Plates,Blue,0055BF,FALSE,Anakin's and Sebulba's Podracers,2011,158,810,https://cdn.rebrickable.com/media/sets/7962-1.jpg,Star Wars,NA,371023
4813,3713,4,1,TRUE,https://cdn.rebrickable.com/media/parts/elements/4227155.jpg,1,7962-1,Technic Bush,54,Plastic,Technic Bushes,Red,C91A09,FALSE,Anakin's and Sebulba's Podracers,2011,158,810,https://cdn.rebrickable.com/media/sets/7962-1.jpg,Star Wars,NA,6271820
4813,3713,4,1,TRUE,https://cdn.rebrickable.com/media/parts/elements/4227155.jpg,1,7962-1,Technic Bush,54,Plastic,Technic Bushes,Red,C91A09,FALSE,Anakin's and Sebulba's Podracers,2011,158,810,https://cdn.rebrickable.com/media/sets/7962-1.jpg,Star Wars,NA,4227155
4813,3713,4,2,FALSE,https://cdn.rebrickable.com/media/parts/elements/4227155.jpg,1,7962-1,Technic Bush,54,Plastic,Technic Bushes,Red,C91A09,FALSE,Anakin's and Sebulba's Podracers,2011,158,810,https://cdn.rebrickable.com/media/sets/7962-1.jpg,Star Wars,NA,6271820
4813,3713,4,2,FALSE,https://cdn.rebrickable.com/media/parts/elements/4227155.jpg,1,7962-1,Technic Bush,54,Plastic,Technic Bushes,Red,C91A09,FALSE,Anakin's and Sebulba's Podracers,2011,158,810,https://cdn.rebrickable.com/media/sets/7962-1.jpg,Star Wars,NA,4227155
4813,3794b,14,12,FALSE,https://cdn.rebrickable.com/media/parts/elements/379424.jpg,1,7962-1,Plate Special 1 x 2 with 1 Stud with Groove (Jumper),9,Plastic,Plates Special,Yellow,F2CD37,FALSE,Anakin's and Sebulba's Podracers,2011,158,810,https://cdn.rebrickable.com/media/sets/7962-1.jpg,Star Wars,NA,379424
4813,3794b,0,2,FALSE,https://cdn.rebrickable.com/media/parts/elements/379426.jpg,1,7962-1,Plate Special 1 x 2 with 1 Stud with Groove (Jumper),9,Plastic,Plates Special,Black,05131D,FALSE,Anakin's and Sebulba's Podracers,2011,158,810,https://cdn.rebrickable.com/media/sets/7962-1.jpg,Star Wars,NA,379426
4813,3794b,72,1,FALSE,https://cdn.rebrickable.com/media/parts/elements/4211119.jpg,1,7962-1,Plate Special 1 x 2 with 1 Stud with Groove (Jumper),9,Plastic,Plates Special,Dark Bluish Gray,6C6E68,FALSE,Anakin's and Sebulba's Podracers,2011,158,810,https://cdn.rebrickable.com/media/sets/7962-1.jpg,Star Wars,NA,4211119
4813,3794b,1,2,FALSE,https://cdn.rebrickable.com/media/parts/elements/379423.jpg,1,7962-1,Plate Special 1 x 2 with 1 Stud with Groove (Jumper),9,Plastic,Plates Special,Blue,0055BF,FALSE,Anakin's and Sebulba's Podracers,2011,158,810,https://cdn.rebrickable.com/media/sets/7962-1.jpg,Star Wars,NA,379423
4813,3795,71,5,FALSE,https://cdn.rebrickable.com/media/parts/elements/4211452.jpg,1,7962-1,Plate 2 x 6,14,Plastic,Plates,Light Bluish Gray,A0A5A9,FALSE,Anakin's and Sebulba's Podracers,2011,158,810,https://cdn.rebrickable.com/media/sets/7962-1.jpg,Star Wars,NA,4211452
4813,3795,71,5,FALSE,https://cdn.rebrickable.com/media/parts/elements/4211452.jpg,1,7962-1,Plate 2 x 6,14,Plastic,Plates,Light Bluish Gray,A0A5A9,FALSE,Anakin's and Sebulba's Podracers,2011,158,810,https://cdn.rebrickable.com/media/sets/7962-1.jpg,Star Wars,NA,3795194
4813,3795,25,8,FALSE,https://cdn.rebrickable.com/media/parts/elements/4121741.jpg,1,7962-1,Plate 2 x 6,14,Plastic,Plates,Orange,FE8A18,FALSE,Anakin's and Sebulba's Podracers,2011,158,810,https://cdn.rebrickable.com/media/sets/7962-1.jpg,Star Wars,NA,4121741
4813,3832,71,4,FALSE,https://cdn.rebrickable.com/media/parts/elements/4211462.jpg,1,7962-1,Plate 2 x 10,14,Plastic,Plates,Light Bluish Gray,A0A5A9,FALSE,Anakin's and Sebulba's Podracers,2011,158,810,https://cdn.rebrickable.com/media/sets/7962-1.jpg,Star Wars,NA,4211462
4813,3937,71,4,FALSE,https://cdn.rebrickable.com/media/parts/elements/4211469.jpg,1,7962-1,Hinge Brick 1 x 2 Base,18,Plastic,"Hinges, Arms and Turntables",Light Bluish Gray,A0A5A9,FALSE,Anakin's and Sebulba's Podracers,2011,158,810,https://cdn.rebrickable.com/media/sets/7962-1.jpg,Star Wars,NA,4211469
4813,3937,0,1,FALSE,https://cdn.rebrickable.com/media/parts/elements/393726.jpg,1,7962-1,Hinge Brick 1 x 2 Base,18,Plastic,"Hinges, Arms and Turntables",Black,05131D,FALSE,Anakin's and Sebulba's Podracers,2011,158,810,https://cdn.rebrickable.com/media/sets/7962-1.jpg,Star Wars,NA,393726
4813,3938,71,1,FALSE,https://cdn.rebrickable.com/media/parts/elements/4211470.jpg,1,7962-1,Hinge Brick 1 x 2 Top Plate Thin,18,Plastic,"Hinges, Arms and Turntables",Light Bluish Gray,A0A5A9,FALSE,Anakin's and Sebulba's Podracers,2011,158,810,https://cdn.rebrickable.com/media/sets/7962-1.jpg,Star Wars,NA,4211470
4813,3941,72,2,FALSE,https://cdn.rebrickable.com/media/parts/elements/4249139.jpg,1,7962-1,Brick Round 2 x 2 with Axle Hole,20,Plastic,Bricks Round and Cones,Dark Bluish Gray,6C6E68,FALSE,Anakin's and Sebulba's Podracers,2011,158,810,https://cdn.rebrickable.com/media/sets/7962-1.jpg,Star Wars,NA,4249139
4813,3941,25,4,FALSE,https://cdn.rebrickable.com/media/parts/elements/4141089.jpg,1,7962-1,Brick Round 2 x 2 with Axle Hole,20,Plastic,Bricks Round and Cones,Orange,FE8A18,FALSE,Anakin's and Sebulba's Podracers,2011,158,810,https://cdn.rebrickable.com/media/sets/7962-1.jpg,Star Wars,NA,4141089
4813,3942c,72,2,FALSE,https://cdn.rebrickable.com/media/parts/elements/4211108.jpg,1,7962-1,Cone 2 x 2 x 2 with Completely Open Stud,20,Plastic,Bricks Round and Cones,Dark Bluish Gray,6C6E68,FALSE,Anakin's and Sebulba's Podracers,2011,158,810,https://cdn.rebrickable.com/media/sets/7962-1.jpg,Star Wars,NA,6092666
4813,3942c,72,2,FALSE,https://cdn.rebrickable.com/media/parts/elements/4211108.jpg,1,7962-1,Cone 2 x 2 x 2 with Completely Open Stud,20,Plastic,Bricks Round and Cones,Dark Bluish Gray,6C6E68,FALSE,Anakin's and Sebulba's Podracers,2011,158,810,https://cdn.rebrickable.com/media/sets/7962-1.jpg,Star Wars,NA,4211108
4813,3942c,72,2,FALSE,https://cdn.rebrickable.com/media/parts/elements/4211108.jpg,1,7962-1,Cone 2 x 2 x 2 with Completely Open Stud,20,Plastic,Bricks Round and Cones,Dark Bluish Gray,6C6E68,FALSE,Anakin's and Sebulba's Podracers,2011,158,810,https://cdn.rebrickable.com/media/sets/7962-1.jpg,Star Wars,NA,6022161
4813,3961,72,2,FALSE,https://cdn.rebrickable.com/media/parts/elements/4268409.jpg,1,7962-1,Dish 8 x 8 Inverted [Radar],21,Plastic,Plates Round Curved and Dishes,Dark Bluish Gray,6C6E68,FALSE,Anakin's and Sebulba's Podracers,2011,158,810,https://cdn.rebrickable.com/media/sets/7962-1.jpg,Star Wars,NA,4268409
4813,4032a,71,6,FALSE,https://cdn.rebrickable.com/media/parts/elements/4211475.jpg,1,7962-1,Plate Round 2 x 2 with Axle Hole Type 1 (+ Opening),21,Plastic,Plates Round Curved and Dishes,Light Bluish Gray,A0A5A9,FALSE,Anakin's and Sebulba's Podracers,2011,158,810,https://cdn.rebrickable.com/media/sets/7962-1.jpg,Star Wars,NA,4211475
4813,4085c,0,4,FALSE,https://cdn.rebrickable.com/media/parts/elements/408526.jpg,1,7962-1,Plate Special 1 x 1 with Clip Vertical [Thick U Clip],9,Plastic,Plates Special,Black,05131D,FALSE,Anakin's and Sebulba's Podracers,2011,158,810,https://cdn.rebrickable.com/media/sets/7962-1.jpg,Star Wars,NA,408526
4813,4085c,71,4,FALSE,https://cdn.rebrickable.com/media/parts/elements/4211479.jpg,1,7962-1,Plate Special 1 x 1 with Clip Vertical [Thick U Clip],9,Plastic,Plates Special,Light Bluish Gray,A0A5A9,FALSE,Anakin's and Sebulba's Podracers,2011,158,810,https://cdn.rebrickable.com/media/sets/7962-1.jpg,Star Wars,NA,4211479
4813,4085c,72,4,FALSE,https://cdn.rebrickable.com/media/parts/elements/4210632.jpg,1,7962-1,Plate Special 1 x 1 with Clip Vertical [Thick U Clip],9,Plastic,Plates Special,Dark Bluish Gray,6C6E68,FALSE,Anakin's and Sebulba's Podracers,2011,158,810,https://cdn.rebrickable.com/media/sets/7962-1.jpg,Star Wars,NA,4210632
4813,4150,71,1,FALSE,https://cdn.rebrickable.com/media/parts/elements/4211480.jpg,1,7962-1,Tile Round 2 x 2 with Bottom Cross,67,Plastic,Tiles Round and Curved,Light Bluish Gray,A0A5A9,FALSE,Anakin's and Sebulba's Podracers,2011,158,810,https://cdn.rebrickable.com/media/sets/7962-1.jpg,Star Wars,NA,4211480
4813,4150,15,2,FALSE,https://cdn.rebrickable.com/media/parts/elements/415001.jpg,1,7962-1,Tile Round 2 x 2 with Bottom Cross,67,Plastic,Tiles Round and Curved,White,FFFFFF,FALSE,Anakin's and Sebulba's Podracers,2011,158,810,https://cdn.rebrickable.com/media/sets/7962-1.jpg,Star Wars,NA,415001
4813,4185,71,4,FALSE,https://cdn.rebrickable.com/media/parts/elements/4211544.jpg,1,7962-1,Technic Wedge Belt Wheel [aka Pulley],29,Plastic,Wheels and Tyres,Light Bluish Gray,A0A5A9,FALSE,Anakin's and Sebulba's Podracers,2011,158,810,https://cdn.rebrickable.com/media/sets/7962-1.jpg,Star Wars,NA,4211544
4813,4185,71,4,FALSE,https://cdn.rebrickable.com/media/parts/elements/4211544.jpg,1,7962-1,Technic Wedge Belt Wheel [aka Pulley],29,Plastic,Wheels and Tyres,Light Bluish Gray,A0A5A9,FALSE,Anakin's and Sebulba's Podracers,2011,158,810,https://cdn.rebrickable.com/media/sets/7962-1.jpg,Star Wars,NA,4494222
4813,4185,71,4,FALSE,https://cdn.rebrickable.com/media/parts/elements/4211544.jpg,1,7962-1,Technic Wedge Belt Wheel [aka Pulley],29,Plastic,Wheels and Tyres,Light Bluish Gray,A0A5A9,FALSE,Anakin's and Sebulba's Podracers,2011,158,810,https://cdn.rebrickable.com/media/sets/7962-1.jpg,Star Wars,NA,6321743
4813,42023,4,2,FALSE,https://cdn.rebrickable.com/media/parts/elements/4160406.jpg,1,7962-1,Brick Curved 6 x 1 Inverted,37,Plastic,Bricks Curved,Red,C91A09,FALSE,Anakin's and Sebulba's Podracers,2011,158,810,https://cdn.rebrickable.com/media/sets/7962-1.jpg,Star Wars,NA,4160406
4813,42445,45,3,FALSE,https://cdn.rebrickable.com/media/parts/ldraw/45/42445.png,1,7962-1,Bar 1 x 12 with 1 x 2 Plate End with Solid Studs and 1 x 1 Round Plate End,32,Plastic,"Bars, Ladders and Fences",Trans-Dark Pink,DF6695,TRUE,Anakin's and Sebulba's Podracers,2011,158,810,https://cdn.rebrickable.com/media/sets/7962-1.jpg,Star Wars,NA,4625814
4813,4274,1,12,FALSE,https://cdn.rebrickable.com/media/parts/elements/4143005.jpg,1,7962-1,Technic Pin 1/2,53,Plastic,Technic Pins,Blue,0055BF,FALSE,Anakin's and Sebulba's Podracers,2011,158,810,https://cdn.rebrickable.com/media/sets/7962-1.jpg,Star Wars,NA,4143005
4813,4274,1,1,TRUE,https://cdn.rebrickable.com/media/parts/elements/4143005.jpg,1,7962-1,Technic Pin 1/2,53,Plastic,Technic Pins,Blue,0055BF,FALSE,Anakin's and Sebulba's Podracers,2011,158,810,https://cdn.rebrickable.com/media/sets/7962-1.jpg,Star Wars,NA,4143005
4813,4274,71,1,TRUE,https://cdn.rebrickable.com/media/parts/elements/4211483.jpg,1,7962-1,Technic Pin 1/2,53,Plastic,Technic Pins,Light Bluish Gray,A0A5A9,FALSE,Anakin's and Sebulba's Podracers,2011,158,810,https://cdn.rebrickable.com/media/sets/7962-1.jpg,Star Wars,NA,4274194
4813,4274,71,1,TRUE,https://cdn.rebrickable.com/media/parts/elements/4211483.jpg,1,7962-1,Technic Pin 1/2,53,Plastic,Technic Pins,Light Bluish Gray,A0A5A9,FALSE,Anakin's and Sebulba's Podracers,2011,158,810,https://cdn.rebrickable.com/media/sets/7962-1.jpg,Star Wars,NA,4211483
4813,4274,71,4,FALSE,https://cdn.rebrickable.com/media/parts/elements/4211483.jpg,1,7962-1,Technic Pin 1/2,53,Plastic,Technic Pins,Light Bluish Gray,A0A5A9,FALSE,Anakin's and Sebulba's Podracers,2011,158,810,https://cdn.rebrickable.com/media/sets/7962-1.jpg,Star Wars,NA,4274194
4813,4274,71,4,FALSE,https://cdn.rebrickable.com/media/parts/elements/4211483.jpg,1,7962-1,Technic Pin 1/2,53,Plastic,Technic Pins,Light Bluish Gray,A0A5A9,FALSE,Anakin's and Sebulba's Podracers,2011,158,810,https://cdn.rebrickable.com/media/sets/7962-1.jpg,Star Wars,NA,4211483
4813,4282,72,1,FALSE,https://cdn.rebrickable.com/media/parts/elements/4210796.jpg,1,7962-1,Plate 2 x 16,14,Plastic,Plates,Dark Bluish Gray,6C6E68,FALSE,Anakin's and Sebulba's Podracers,2011,158,810,https://cdn.rebrickable.com/media/sets/7962-1.jpg,Star Wars,NA,4210796
4813,4286,1,1,FALSE,https://cdn.rebrickable.com/media/parts/elements/428623.jpg,1,7962-1,Slope 33° 3 x 1,3,Plastic,Bricks Sloped,Blue,0055BF,FALSE,Anakin's and Sebulba's Podracers,2011,158,810,https://cdn.rebrickable.com/media/sets/7962-1.jpg,Star Wars,NA,428623
4813,43093,1,2,FALSE,https://cdn.rebrickable.com/media/parts/elements/4206482.jpg,1,7962-1,Technic Axle Pin with Friction Ridges Lengthwise,53,Plastic,Technic Pins,Blue,0055BF,FALSE,Anakin's and Sebulba's Podracers,2011,158,810,https://cdn.rebrickable.com/media/sets/7962-1.jpg,Star Wars,NA,4206482
4813,43093,1,2,FALSE,https://cdn.rebrickable.com/media/parts/elements/4206482.jpg,1,7962-1,Technic Axle Pin with Friction Ridges Lengthwise,53,Plastic,Technic Pins,Blue,0055BF,FALSE,Anakin's and Sebulba's Podracers,2011,158,810,https://cdn.rebrickable.com/media/sets/7962-1.jpg,Star Wars,NA,4309323
4813,43722,71,2,FALSE,https://cdn.rebrickable.com/media/parts/elements/4211791.jpg,1,7962-1,Wedge Plate 3 x 2 Right,49,Plastic,Plates Angled,Light Bluish Gray,A0A5A9,FALSE,Anakin's and Sebulba's Podracers,2011,158,810,https://cdn.rebrickable.com/media/sets/7962-1.jpg,Star Wars,NA,4211791
4813,43723,71,2,FALSE,https://cdn.rebrickable.com/media/parts/elements/4211794.jpg,1,7962-1,Wedge Plate 3 x 2 Left,49,Plastic,Plates Angled,Light Bluish Gray,A0A5A9,FALSE,Anakin's and Sebulba's Podracers,2011,158,810,https://cdn.rebrickable.com/media/sets/7962-1.jpg,Star Wars,NA,4211794
4813,44301a,72,4,FALSE,https://cdn.rebrickable.com/media/parts/elements/4210883.jpg,1,7962-1,"Hinge Plate 1 x 2 Locking with 1 Finger On End, with Groove",18,Plastic,"Hinges, Arms and Turntables",Dark Bluish Gray,6C6E68,FALSE,Anakin's and Sebulba's Podracers,2011,158,810,https://cdn.rebrickable.com/media/sets/7962-1.jpg,Star Wars,NA,4210883
4813,44302a,0,8,FALSE,https://cdn.rebrickable.com/media/parts/elements/4183060.jpg,1,7962-1,"Hinge Plate 1 x 2 Locking with 2 Fingers On End, with Groove",18,Plastic,"Hinges, Arms and Turntables",Black,05131D,FALSE,Anakin's and Sebulba's Podracers,2011,158,810,https://cdn.rebrickable.com/media/sets/7962-1.jpg,Star Wars,NA,4183060
4813,44728,72,4,FALSE,https://cdn.rebrickable.com/media/parts/elements/4277928.jpg,1,7962-1,Bracket 1 x 2 - 2 x 2,9,Plastic,Plates Special,Dark Bluish Gray,6C6E68,FALSE,Anakin's and Sebulba's Podracers,2011,158,810,https://cdn.rebrickable.com/media/sets/7962-1.jpg,Star Wars,NA,6117972
4813,44728,72,4,FALSE,https://cdn.rebrickable.com/media/parts/elements/4277928.jpg,1,7962-1,Bracket 1 x 2 - 2 x 2,9,Plastic,Plates Special,Dark Bluish Gray,6C6E68,FALSE,Anakin's and Sebulba's Podracers,2011,158,810,https://cdn.rebrickable.com/media/sets/7962-1.jpg,Star Wars,NA,4277928
4813,44728,72,4,FALSE,https://cdn.rebrickable.com/media/parts/elements/4277928.jpg,1,7962-1,Bracket 1 x 2 - 2 x 2,9,Plastic,Plates Special,Dark Bluish Gray,6C6E68,FALSE,Anakin's and Sebulba's Podracers,2011,158,810,https://cdn.rebrickable.com/media/sets/7962-1.jpg,Star Wars,NA,6048854
4813,44728,72,4,FALSE,https://cdn.rebrickable.com/media/parts/elements/4277928.jpg,1,7962-1,Bracket 1 x 2 - 2 x 2,9,Plastic,Plates Special,Dark Bluish Gray,6C6E68,FALSE,Anakin's and Sebulba's Podracers,2011,158,810,https://cdn.rebrickable.com/media/sets/7962-1.jpg,Star Wars,NA,4210893
4813,4519,71,2,FALSE,https://cdn.rebrickable.com/media/parts/elements/4211815.jpg,1,7962-1,Technic Axle 3,46,Plastic,Technic Axles,Light Bluish Gray,A0A5A9,FALSE,Anakin's and Sebulba's Podracers,2011,158,810,https://cdn.rebrickable.com/media/sets/7962-1.jpg,Star Wars,NA,4211815
4813,45677,72,1,FALSE,https://cdn.rebrickable.com/media/parts/elements/4210940.jpg,1,7962-1,Slope Curved 4 x 4 x 2/3 Triple Curved with 2 Studs,37,Plastic,Bricks Curved,Dark Bluish Gray,6C6E68,FALSE,Anakin's and Sebulba's Podracers,2011,158,810,https://cdn.rebrickable.com/media/sets/7962-1.jpg,Star Wars,NA,4210940
4813,47457,72,1,FALSE,https://cdn.rebrickable.com/media/parts/elements/4218696.jpg,1,7962-1,Brick Curved 2 x 2 x 2/3 Two Studs and Curved Slope End,37,Plastic,Bricks Curved,Dark Bluish Gray,6C6E68,FALSE,Anakin's and Sebulba's Podracers,2011,158,810,https://cdn.rebrickable.com/media/sets/7962-1.jpg,Star Wars,NA,4218696
4813,47753,25,2,FALSE,https://cdn.rebrickable.com/media/parts/elements/4289048.jpg,1,7962-1,Wedge Curved 4 x 4 No Top Studs,6,Plastic,Bricks Wedged,Orange,FE8A18,FALSE,Anakin's and Sebulba's Podracers,2011,158,810,https://cdn.rebrickable.com/media/sets/7962-1.jpg,Star Wars,NA,6064344
4813,47753,25,2,FALSE,https://cdn.rebrickable.com/media/parts/elements/4289048.jpg,1,7962-1,Wedge Curved 4 x 4 No Top Studs,6,Plastic,Bricks Wedged,Orange,FE8A18,FALSE,Anakin's and Sebulba's Podracers,2011,158,810,https://cdn.rebrickable.com/media/sets/7962-1.jpg,Star Wars,NA,4289048
4813,47753,25,2,FALSE,https://cdn.rebrickable.com/media/parts/elements/4289048.jpg,1,7962-1,Wedge Curved 4 x 4 No Top Studs,6,Plastic,Bricks Wedged,Orange,FE8A18,FALSE,Anakin's and Sebulba's Podracers,2011,158,810,https://cdn.rebrickable.com/media/sets/7962-1.jpg,Star Wars,NA,4630740
4813,48183,72,1,FALSE,https://cdn.rebrickable.com/media/parts/elements/4240014.jpg,1,7962-1,Wedge Plate 3 x 4 with Stud Notches,49,Plastic,Plates Angled,Dark Bluish Gray,6C6E68,FALSE,Anakin's and Sebulba's Podracers,2011,158,810,https://cdn.rebrickable.com/media/sets/7962-1.jpg,Star Wars,NA,4240014
4813,48183,72,1,FALSE,https://cdn.rebrickable.com/media/parts/elements/4240014.jpg,1,7962-1,Wedge Plate 3 x 4 with Stud Notches,49,Plastic,Plates Angled,Dark Bluish Gray,6C6E68,FALSE,Anakin's and Sebulba's Podracers,2011,158,810,https://cdn.rebrickable.com/media/sets/7962-1.jpg,Star Wars,NA,4215981
4813,48336,0,4,FALSE,https://cdn.rebrickable.com/media/parts/elements/4225201.jpg,1,7962-1,Plate Special 1 x 2 [Side Handle Closed Ends],9,Plastic,Plates Special,Black,05131D,FALSE,Anakin's and Sebulba's Podracers,2011,158,810,https://cdn.rebrickable.com/media/sets/7962-1.jpg,Star Wars,NA,4225201
4813,4855,72,1,FALSE,https://cdn.rebrickable.com/media/parts/elements/4210906.jpg,1,7962-1,Wedge Sloped Inverted 4 x 4 Triple [2 Connections between Front Studs],6,Plastic,Bricks Wedged,Dark Bluish Gray,6C6E68,FALSE,Anakin's and Sebulba's Podracers,2011,158,810,https://cdn.rebrickable.com/media/sets/7962-1.jpg,Star Wars,NA,4210906
4813,4865a,47,2,FALSE,https://cdn.rebrickable.com/media/parts/elements/4113106.jpg,1,7962-1,Panel 1 x 2 x 1 [Square Corners],23,Plastic,Panels,Trans-Clear,FCFCFC,TRUE,Anakin's and Sebulba's Podracers,2011,158,810,https://cdn.rebrickable.com/media/sets/7962-1.jpg,Star Wars,NA,4113106
4813,4865b,25,24,FALSE,https://cdn.rebrickable.com/media/parts/ldraw/25/4865b.png,1,7962-1,Panel 1 x 2 x 1 [Rounded Corners],23,Plastic,Panels,Orange,FE8A18,FALSE,Anakin's and Sebulba's Podracers,2011,158,810,https://cdn.rebrickable.com/media/sets/7962-1.jpg,Star Wars,NA,NA
4813,4871,72,1,FALSE,https://cdn.rebrickable.com/media/parts/elements/4211076.jpg,1,7962-1,Slope Inverted 45° 4 x 2 Double,3,Plastic,Bricks Sloped,Dark Bluish Gray,6C6E68,FALSE,Anakin's and Sebulba's Podracers,2011,158,810,https://cdn.rebrickable.com/media/sets/7962-1.jpg,Star Wars,NA,4211076
4813,50950,25,4,FALSE,https://cdn.rebrickable.com/media/parts/elements/4251969.jpg,1,7962-1,Slope Curved 3 x 1 No Studs,37,Plastic,Bricks Curved,Orange,FE8A18,FALSE,Anakin's and Sebulba's Podracers,2011,158,810,https://cdn.rebrickable.com/media/sets/7962-1.jpg,Star Wars,NA,4251969
4813,51739,71,9,FALSE,https://cdn.rebrickable.com/media/parts/elements/4507056.jpg,1,7962-1,Wedge Plate 2 x 4,49,Plastic,Plates Angled,Light Bluish Gray,A0A5A9,FALSE,Anakin's and Sebulba's Podracers,2011,158,810,https://cdn.rebrickable.com/media/sets/7962-1.jpg,Star Wars,NA,4507056
4813,51739,71,9,FALSE,https://cdn.rebrickable.com/media/parts/elements/4507056.jpg,1,7962-1,Wedge Plate 2 x 4,49,Plastic,Plates Angled,Light Bluish Gray,A0A5A9,FALSE,Anakin's and Sebulba's Podracers,2011,158,810,https://cdn.rebrickable.com/media/sets/7962-1.jpg,Star Wars,NA,4252368
4813,52107,14,2,FALSE,https://cdn.rebrickable.com/media/parts/elements/4557157.jpg,1,7962-1,Brick Special 1 x 2 with Studs on 2 Sides,5,Plastic,Bricks Special,Yellow,F2CD37,FALSE,Anakin's and Sebulba's Podracers,2011,158,810,https://cdn.rebrickable.com/media/sets/7962-1.jpg,Star Wars,NA,4557157
4813,52107,14,2,FALSE,https://cdn.rebrickable.com/media/parts/elements/4557157.jpg,1,7962-1,Brick Special 1 x 2 with Studs on 2 Sides,5,Plastic,Bricks Special,Yellow,F2CD37,FALSE,Anakin's and Sebulba's Podracers,2011,158,810,https://cdn.rebrickable.com/media/sets/7962-1.jpg,Star Wars,NA,6289719
4813,53989,179,18,FALSE,https://cdn.rebrickable.com/media/parts/elements/4625564.jpg,1,7962-1,Arm Mechanical with Clip [Thin Support],60,Plastic,Minifig Upper Body,Flat Silver,898788,FALSE,Anakin's and Sebulba's Podracers,2011,158,810,https://cdn.rebrickable.com/media/sets/7962-1.jpg,Star Wars,NA,4625564
4813,53989,179,18,FALSE,https://cdn.rebrickable.com/media/parts/elements/4625564.jpg,1,7962-1,Arm Mechanical with Clip [Thin Support],60,Plastic,Minifig Upper Body,Flat Silver,898788,FALSE,Anakin's and Sebulba's Podracers,2011,158,810,https://cdn.rebrickable.com/media/sets/7962-1.jpg,Star Wars,NA,4612824
4813,54200,25,2,TRUE,https://cdn.rebrickable.com/media/parts/elements/4248195.jpg,1,7962-1,Slope 30° 1 x 1 x 2/3 (Cheese Slope),3,Plastic,Bricks Sloped,Orange,FE8A18,FALSE,Anakin's and Sebulba's Podracers,2011,158,810,https://cdn.rebrickable.com/media/sets/7962-1.jpg,Star Wars,NA,4248195
4813,54200,25,2,TRUE,https://cdn.rebrickable.com/media/parts/elements/4248195.jpg,1,7962-1,Slope 30° 1 x 1 x 2/3 (Cheese Slope),3,Plastic,Bricks Sloped,Orange,FE8A18,FALSE,Anakin's and Sebulba's Podracers,2011,158,810,https://cdn.rebrickable.com/media/sets/7962-1.jpg,Star Wars,NA,4504371
4813,54200,25,8,FALSE,https://cdn.rebrickable.com/media/parts/elements/4248195.jpg,1,7962-1,Slope 30° 1 x 1 x 2/3 (Cheese Slope),3,Plastic,Bricks Sloped,Orange,FE8A18,FALSE,Anakin's and Sebulba's Podracers,2011,158,810,https://cdn.rebrickable.com/media/sets/7962-1.jpg,Star Wars,NA,4248195
4813,54200,25,8,FALSE,https://cdn.rebrickable.com/media/parts/elements/4248195.jpg,1,7962-1,Slope 30° 1 x 1 x 2/3 (Cheese Slope),3,Plastic,Bricks Sloped,Orange,FE8A18,FALSE,Anakin's and Sebulba's Podracers,2011,158,810,https://cdn.rebrickable.com/media/sets/7962-1.jpg,Star Wars,NA,4504371
4813,54200,15,1,TRUE,https://cdn.rebrickable.com/media/parts/elements/4244370.jpg,1,7962-1,Slope 30° 1 x 1 x 2/3 (Cheese Slope),3,Plastic,Bricks Sloped,White,FFFFFF,FALSE,Anakin's and Sebulba's Podracers,2011,158,810,https://cdn.rebrickable.com/media/sets/7962-1.jpg,Star Wars,NA,4244370
4813,54200,15,1,TRUE,https://cdn.rebrickable.com/media/parts/elements/4244370.jpg,1,7962-1,Slope 30° 1 x 1 x 2/3 (Cheese Slope),3,Plastic,Bricks Sloped,White,FFFFFF,FALSE,Anakin's and Sebulba's Podracers,2011,158,810,https://cdn.rebrickable.com/media/sets/7962-1.jpg,Star Wars,NA,4504369
4813,54200,15,2,FALSE,https://cdn.rebrickable.com/media/parts/elements/4244370.jpg,1,7962-1,Slope 30° 1 x 1 x 2/3 (Cheese Slope),3,Plastic,Bricks Sloped,White,FFFFFF,FALSE,Anakin's and Sebulba's Podracers,2011,158,810,https://cdn.rebrickable.com/media/sets/7962-1.jpg,Star Wars,NA,4244370
4813,54200,15,2,FALSE,https://cdn.rebrickable.com/media/parts/elements/4244370.jpg,1,7962-1,Slope 30° 1 x 1 x 2/3 (Cheese Slope),3,Plastic,Bricks Sloped,White,FFFFFF,FALSE,Anakin's and Sebulba's Podracers,2011,158,810,https://cdn.rebrickable.com/media/sets/7962-1.jpg,Star Wars,NA,4504369
4813,54383,0,4,FALSE,https://cdn.rebrickable.com/media/parts/elements/4283046.jpg,1,7962-1,Wedge Plate 6 x 3 Right,49,Plastic,Plates Angled,Black,05131D,FALSE,Anakin's and Sebulba's Podracers,2011,158,810,https://cdn.rebrickable.com/media/sets/7962-1.jpg,Star Wars,NA,4283046
4813,54384,0,4,FALSE,https://cdn.rebrickable.com/media/parts/elements/4283047.jpg,1,7962-1,Wedge Plate 6 x 3 Left,49,Plastic,Plates Angled,Black,05131D,FALSE,Anakin's and Sebulba's Podracers,2011,158,810,https://cdn.rebrickable.com/media/sets/7962-1.jpg,Star Wars,NA,4283047
4813,55981,14,2,FALSE,https://cdn.rebrickable.com/media/parts/elements/4490142.jpg,1,7962-1,"Wheel 18 x 14 with Pin Hole, Fake Bolts and Shallow Spokes",29,Plastic,Wheels and Tyres,Yellow,F2CD37,FALSE,Anakin's and Sebulba's Podracers,2011,158,810,https://cdn.rebrickable.com/media/sets/7962-1.jpg,Star Wars,NA,4490142
4813,55981,14,2,FALSE,https://cdn.rebrickable.com/media/parts/elements/4490142.jpg,1,7962-1,"Wheel 18 x 14 with Pin Hole, Fake Bolts and Shallow Spokes",29,Plastic,Wheels and Tyres,Yellow,F2CD37,FALSE,Anakin's and Sebulba's Podracers,2011,158,810,https://cdn.rebrickable.com/media/sets/7962-1.jpg,Star Wars,NA,6109681
4813,59230,0,4,FALSE,https://cdn.rebrickable.com/media/parts/elements/4505757.jpg,1,7962-1,Arm Mechanical Straight (Droid) [2 Clips at 90°],60,Plastic,Minifig Upper Body,Black,05131D,FALSE,Anakin's and Sebulba's Podracers,2011,158,810,https://cdn.rebrickable.com/media/sets/7962-1.jpg,Star Wars,NA,4505757
4813,59230,0,2,TRUE,https://cdn.rebrickable.com/media/parts/elements/4505757.jpg,1,7962-1,Arm Mechanical Straight (Droid) [2 Clips at 90°],60,Plastic,Minifig Upper Body,Black,05131D,FALSE,Anakin's and Sebulba's Podracers,2011,158,810,https://cdn.rebrickable.com/media/sets/7962-1.jpg,Star Wars,NA,4505757
4813,59443,72,8,FALSE,https://cdn.rebrickable.com/media/parts/elements/4516546.jpg,1,7962-1,Technic Axle Connector Smooth [with x Hole + Orientation],12,Plastic,Technic Connectors,Dark Bluish Gray,6C6E68,FALSE,Anakin's and Sebulba's Podracers,2011,158,810,https://cdn.rebrickable.com/media/sets/7962-1.jpg,Star Wars,NA,4516546
4813,59443,72,8,FALSE,https://cdn.rebrickable.com/media/parts/elements/4516546.jpg,1,7962-1,Technic Axle Connector Smooth [with x Hole + Orientation],12,Plastic,Technic Connectors,Dark Bluish Gray,6C6E68,FALSE,Anakin's and Sebulba's Podracers,2011,158,810,https://cdn.rebrickable.com/media/sets/7962-1.jpg,Star Wars,NA,6084613
4813,59900,25,4,FALSE,https://cdn.rebrickable.com/media/parts/elements/4518029.jpg,1,7962-1,Cone 1 x 1 [Top Groove],20,Plastic,Bricks Round and Cones,Orange,FE8A18,FALSE,Anakin's and Sebulba's Podracers,2011,158,810,https://cdn.rebrickable.com/media/sets/7962-1.jpg,Star Wars,NA,4518029
4813,6019,71,1,FALSE,https://cdn.rebrickable.com/media/parts/elements/4211518.jpg,1,7962-1,Plate Special 1 x 1 with Clip Horizontal [Thick U Clip],9,Plastic,Plates Special,Light Bluish Gray,A0A5A9,FALSE,Anakin's and Sebulba's Podracers,2011,158,810,https://cdn.rebrickable.com/media/sets/7962-1.jpg,Star Wars,NA,4211518
4813,60208,71,2,FALSE,https://cdn.rebrickable.com/media/parts/elements/4511007.jpg,1,7962-1,"Wheel 31 x 15 Technic, Pin Hole",29,Plastic,Wheels and Tyres,Light Bluish Gray,A0A5A9,FALSE,Anakin's and Sebulba's Podracers,2011,158,810,https://cdn.rebrickable.com/media/sets/7962-1.jpg,Star Wars,NA,4511007
4813,60470a,71,12,FALSE,https://cdn.rebrickable.com/media/parts/ldraw/71/60470a.png,1,7962-1,Plate Special 1 x 2 with Clips Horizontal [Thick U-Clips],9,Plastic,Plates Special,Light Bluish Gray,A0A5A9,FALSE,Anakin's and Sebulba's Podracers,2011,158,810,https://cdn.rebrickable.com/media/sets/7962-1.jpg,Star Wars,NA,NA
4813,60478,71,6,FALSE,https://cdn.rebrickable.com/media/parts/elements/4515369.jpg,1,7962-1,Plate Special 1 x 2 with Handle on End [Closed Ends],9,Plastic,Plates Special,Light Bluish Gray,A0A5A9,FALSE,Anakin's and Sebulba's Podracers,2011,158,810,https://cdn.rebrickable.com/media/sets/7962-1.jpg,Star Wars,NA,4515369
4813,60478,14,4,FALSE,https://cdn.rebrickable.com/media/parts/elements/4515367.jpg,1,7962-1,Plate Special 1 x 2 with Handle on End [Closed Ends],9,Plastic,Plates Special,Yellow,F2CD37,FALSE,Anakin's and Sebulba's Podracers,2011,158,810,https://cdn.rebrickable.com/media/sets/7962-1.jpg,Star Wars,NA,4515367
4813,60485,71,4,FALSE,https://cdn.rebrickable.com/media/parts/elements/4535768.jpg,1,7962-1,Technic Axle 9,46,Plastic,Technic Axles,Light Bluish Gray,A0A5A9,FALSE,Anakin's and Sebulba's Podracers,2011,158,810,https://cdn.rebrickable.com/media/sets/7962-1.jpg,Star Wars,NA,4535768
4813,6134,4,4,FALSE,https://cdn.rebrickable.com/media/parts/elements/613421.jpg,1,7962-1,Hinge Brick 2 x 2 Top Plate Thin,18,Plastic,"Hinges, Arms and Turntables",Red,C91A09,FALSE,Anakin's and Sebulba's Podracers,2011,158,810,https://cdn.rebrickable.com/media/sets/7962-1.jpg,Star Wars,NA,613421
4813,6141,71,3,TRUE,https://cdn.rebrickable.com/media/parts/elements/4211525.jpg,1,7962-1,Plate Round 1 x 1 with Solid Stud,21,Plastic,Plates Round Curved and Dishes,Light Bluish Gray,A0A5A9,FALSE,Anakin's and Sebulba's Podracers,2011,158,810,https://cdn.rebrickable.com/media/sets/7962-1.jpg,Star Wars,NA,4211525
4813,6141,4,7,FALSE,https://cdn.rebrickable.com/media/parts/elements/614121.jpg,1,7962-1,Plate Round 1 x 1 with Solid Stud,21,Plastic,Plates Round Curved and Dishes,Red,C91A09,FALSE,Anakin's and Sebulba's Podracers,2011,158,810,https://cdn.rebrickable.com/media/sets/7962-1.jpg,Star Wars,NA,614121
4813,6141,71,17,FALSE,https://cdn.rebrickable.com/media/parts/elements/4211525.jpg,1,7962-1,Plate Round 1 x 1 with Solid Stud,21,Plastic,Plates Round Curved and Dishes,Light Bluish Gray,A0A5A9,FALSE,Anakin's and Sebulba's Podracers,2011,158,810,https://cdn.rebrickable.com/media/sets/7962-1.jpg,Star Wars,NA,4211525
4813,6141,4,1,TRUE,https://cdn.rebrickable.com/media/parts/elements/614121.jpg,1,7962-1,Plate Round 1 x 1 with Solid Stud,21,Plastic,Plates Round Curved and Dishes,Red,C91A09,FALSE,Anakin's and Sebulba's Podracers,2011,158,810,https://cdn.rebrickable.com/media/sets/7962-1.jpg,Star Wars,NA,614121
4813,6141,70,13,FALSE,https://cdn.rebrickable.com/media/parts/elements/4216581.jpg,1,7962-1,Plate Round 1 x 1 with Solid Stud,21,Plastic,Plates Round Curved and Dishes,Reddish Brown,582A12,FALSE,Anakin's and Sebulba's Podracers,2011,158,810,https://cdn.rebrickable.com/media/sets/7962-1.jpg,Star Wars,NA,4216581
4813,6141,297,1,TRUE,https://cdn.rebrickable.com/media/parts/elements/4523159.jpg,1,7962-1,Plate Round 1 x 1 with Solid Stud,21,Plastic,Plates Round Curved and Dishes,Pearl Gold,AA7F2E,FALSE,Anakin's and Sebulba's Podracers,2011,158,810,https://cdn.rebrickable.com/media/sets/7962-1.jpg,Star Wars,NA,4523159
4813,6141,297,5,FALSE,https://cdn.rebrickable.com/media/parts/elements/4523159.jpg,1,7962-1,Plate Round 1 x 1 with Solid Stud,21,Plastic,Plates Round Curved and Dishes,Pearl Gold,AA7F2E,FALSE,Anakin's and Sebulba's Podracers,2011,158,810,https://cdn.rebrickable.com/media/sets/7962-1.jpg,Star Wars,NA,4523159
4813,6141,70,1,TRUE,https://cdn.rebrickable.com/media/parts/elements/4216581.jpg,1,7962-1,Plate Round 1 x 1 with Solid Stud,21,Plastic,Plates Round Curved and Dishes,Reddish Brown,582A12,FALSE,Anakin's and Sebulba's Podracers,2011,158,810,https://cdn.rebrickable.com/media/sets/7962-1.jpg,Star Wars,NA,4216581
4813,61678,19,6,FALSE,https://cdn.rebrickable.com/media/parts/elements/4547720.jpg,1,7962-1,Slope Curved 4 x 1 No Studs [Stud Holder with Asymmetric Ridges],37,Plastic,Bricks Curved,Tan,E4CD9E,FALSE,Anakin's and Sebulba's Podracers,2011,158,810,https://cdn.rebrickable.com/media/sets/7962-1.jpg,Star Wars,NA,4547720
4813,6187,71,2,FALSE,https://cdn.rebrickable.com/media/parts/elements/4211584.jpg,1,7962-1,Bar 1 x 4 x 2,32,Plastic,"Bars, Ladders and Fences",Light Bluish Gray,A0A5A9,FALSE,Anakin's and Sebulba's Podracers,2011,158,810,https://cdn.rebrickable.com/media/sets/7962-1.jpg,Star Wars,NA,4211584
4813,6190,72,2,FALSE,https://cdn.rebrickable.com/media/parts/elements/4210676.jpg,1,7962-1,"Bar 1 x 3 (Radio Handle, Phone Handset)",32,Plastic,"Bars, Ladders and Fences",Dark Bluish Gray,6C6E68,FALSE,Anakin's and Sebulba's Podracers,2011,158,810,https://cdn.rebrickable.com/media/sets/7962-1.jpg,Star Wars,NA,4210676
4813,6191,25,8,FALSE,https://cdn.rebrickable.com/media/parts/elements/4624800.jpg,1,7962-1,"Brick Curved 1 x 4 x 1 1/3 No Studs, Curved Top",37,Plastic,Bricks Curved,Orange,FE8A18,FALSE,Anakin's and Sebulba's Podracers,2011,158,810,https://cdn.rebrickable.com/media/sets/7962-1.jpg,Star Wars,NA,4624800
4813,6191,0,8,FALSE,https://cdn.rebrickable.com/media/parts/elements/4200031.jpg,1,7962-1,"Brick Curved 1 x 4 x 1 1/3 No Studs, Curved Top",37,Plastic,Bricks Curved,Black,05131D,FALSE,Anakin's and Sebulba's Podracers,2011,158,810,https://cdn.rebrickable.com/media/sets/7962-1.jpg,Star Wars,NA,4200031
4813,63864,72,2,FALSE,https://cdn.rebrickable.com/media/parts/elements/4568734.jpg,1,7962-1,Tile 1 x 3,19,Plastic,Tiles,Dark Bluish Gray,6C6E68,FALSE,Anakin's and Sebulba's Podracers,2011,158,810,https://cdn.rebrickable.com/media/sets/7962-1.jpg,Star Wars,NA,4568734
4813,63965,71,4,FALSE,https://cdn.rebrickable.com/media/parts/elements/4538098.jpg,1,7962-1,Bar 6L with Stop Ring,32,Plastic,"Bars, Ladders and Fences",Light Bluish Gray,A0A5A9,FALSE,Anakin's and Sebulba's Podracers,2011,158,810,https://cdn.rebrickable.com/media/sets/7962-1.jpg,Star Wars,NA,6081975
4813,63965,71,4,FALSE,https://cdn.rebrickable.com/media/parts/elements/4538098.jpg,1,7962-1,Bar 6L with Stop Ring,32,Plastic,"Bars, Ladders and Fences",Light Bluish Gray,A0A5A9,FALSE,Anakin's and Sebulba's Podracers,2011,158,810,https://cdn.rebrickable.com/media/sets/7962-1.jpg,Star Wars,NA,4538098
4813,63965,71,4,FALSE,https://cdn.rebrickable.com/media/parts/elements/4538098.jpg,1,7962-1,Bar 6L with Stop Ring,32,Plastic,"Bars, Ladders and Fences",Light Bluish Gray,A0A5A9,FALSE,Anakin's and Sebulba's Podracers,2011,158,810,https://cdn.rebrickable.com/media/sets/7962-1.jpg,Star Wars,NA,6061535
4813,63965,71,4,FALSE,https://cdn.rebrickable.com/media/parts/elements/4538098.jpg,1,7962-1,Bar 6L with Stop Ring,32,Plastic,"Bars, Ladders and Fences",Light Bluish Gray,A0A5A9,FALSE,Anakin's and Sebulba's Podracers,2011,158,810,https://cdn.rebrickable.com/media/sets/7962-1.jpg,Star Wars,NA,6170418
4813,63965,297,8,FALSE,https://cdn.rebrickable.com/media/parts/elements/4600270.jpg,1,7962-1,Bar 6L with Stop Ring,32,Plastic,"Bars, Ladders and Fences",Pearl Gold,AA7F2E,FALSE,Anakin's and Sebulba's Podracers,2011,158,810,https://cdn.rebrickable.com/media/sets/7962-1.jpg,Star Wars,NA,4613937
4813,63965,297,8,FALSE,https://cdn.rebrickable.com/media/parts/elements/4600270.jpg,1,7962-1,Bar 6L with Stop Ring,32,Plastic,"Bars, Ladders and Fences",Pearl Gold,AA7F2E,FALSE,Anakin's and Sebulba's Podracers,2011,158,810,https://cdn.rebrickable.com/media/sets/7962-1.jpg,Star Wars,NA,4600270
4813,63965,297,8,FALSE,https://cdn.rebrickable.com/media/parts/elements/4600270.jpg,1,7962-1,Bar 6L with Stop Ring,32,Plastic,"Bars, Ladders and Fences",Pearl Gold,AA7F2E,FALSE,Anakin's and Sebulba's Podracers,2011,158,810,https://cdn.rebrickable.com/media/sets/7962-1.jpg,Star Wars,NA,6081992
4813,63965,297,8,FALSE,https://cdn.rebrickable.com/media/parts/elements/4600270.jpg,1,7962-1,Bar 6L with Stop Ring,32,Plastic,"Bars, Ladders and Fences",Pearl Gold,AA7F2E,FALSE,Anakin's and Sebulba's Podracers,2011,158,810,https://cdn.rebrickable.com/media/sets/7962-1.jpg,Star Wars,NA,6170470
4813,63965,297,8,FALSE,https://cdn.rebrickable.com/media/parts/elements/4600270.jpg,1,7962-1,Bar 6L with Stop Ring,32,Plastic,"Bars, Ladders and Fences",Pearl Gold,AA7F2E,FALSE,Anakin's and Sebulba's Podracers,2011,158,810,https://cdn.rebrickable.com/media/sets/7962-1.jpg,Star Wars,NA,6061541
4813,64567,80,1,FALSE,https://cdn.rebrickable.com/media/parts/elements/4548731.jpg,1,7962-1,Weapon Lightsaber Hilt with Bottom Ring,27,Plastic,Minifig Accessories,Metallic Silver,A5A9B4,FALSE,Anakin's and Sebulba's Podracers,2011,158,810,https://cdn.rebrickable.com/media/sets/7962-1.jpg,Star Wars,NA,6051389
4813,64567,80,1,FALSE,https://cdn.rebrickable.com/media/parts/elements/4548731.jpg,1,7962-1,Weapon Lightsaber Hilt with Bottom Ring,27,Plastic,Minifig Accessories,Metallic Silver,A5A9B4,FALSE,Anakin's and Sebulba's Podracers,2011,158,810,https://cdn.rebrickable.com/media/sets/7962-1.jpg,Star Wars,NA,4542406
4813,64567,80,1,FALSE,https://cdn.rebrickable.com/media/parts/elements/4548731.jpg,1,7962-1,Weapon Lightsaber Hilt with Bottom Ring,27,Plastic,Minifig Accessories,Metallic Silver,A5A9B4,FALSE,Anakin's and Sebulba's Podracers,2011,158,810,https://cdn.rebrickable.com/media/sets/7962-1.jpg,Star Wars,NA,4548731
4813,64712,25,4,FALSE,https://cdn.rebrickable.com/media/parts/elements/4540177.jpg,1,7962-1,Wheel Hard Plastic with Small Cleats and Flanges,29,Plastic,Wheels and Tyres,Orange,FE8A18,FALSE,Anakin's and Sebulba's Podracers,2011,158,810,https://cdn.rebrickable.com/media/sets/7962-1.jpg,Star Wars,NA,4540177
4813,6536,72,4,FALSE,https://cdn.rebrickable.com/media/parts/elements/4210851.jpg,1,7962-1,Technic Axle and Pin Connector Perpendicular,12,Plastic,Technic Connectors,Dark Bluish Gray,6C6E68,FALSE,Anakin's and Sebulba's Podracers,2011,158,810,https://cdn.rebrickable.com/media/sets/7962-1.jpg,Star Wars,NA,6536199
4813,6536,72,4,FALSE,https://cdn.rebrickable.com/media/parts/elements/4210851.jpg,1,7962-1,Technic Axle and Pin Connector Perpendicular,12,Plastic,Technic Connectors,Dark Bluish Gray,6C6E68,FALSE,Anakin's and Sebulba's Podracers,2011,158,810,https://cdn.rebrickable.com/media/sets/7962-1.jpg,Star Wars,NA,4210851
4813,6536,72,4,FALSE,https://cdn.rebrickable.com/media/parts/elements/4210851.jpg,1,7962-1,Technic Axle and Pin Connector Perpendicular,12,Plastic,Technic Connectors,Dark Bluish Gray,6C6E68,FALSE,Anakin's and Sebulba's Podracers,2011,158,810,https://cdn.rebrickable.com/media/sets/7962-1.jpg,Star Wars,NA,6261374
4813,6541,72,2,FALSE,https://cdn.rebrickable.com/media/parts/elements/4210639.jpg,1,7962-1,Technic Brick 1 x 1 with Hole,8,Plastic,Technic Bricks,Dark Bluish Gray,6C6E68,FALSE,Anakin's and Sebulba's Podracers,2011,158,810,https://cdn.rebrickable.com/media/sets/7962-1.jpg,Star Wars,NA,4210639
4813,6587,28,4,FALSE,https://cdn.rebrickable.com/media/parts/elements/4566927.jpg,1,7962-1,Technic Axle 3 with Stud,46,Plastic,Technic Axles,Dark Tan,958A73,FALSE,Anakin's and Sebulba's Podracers,2011,158,810,https://cdn.rebrickable.com/media/sets/7962-1.jpg,Star Wars,NA,4566927
4813,6587,28,4,FALSE,https://cdn.rebrickable.com/media/parts/elements/4566927.jpg,1,7962-1,Technic Axle 3 with Stud,46,Plastic,Technic Axles,Dark Tan,958A73,FALSE,Anakin's and Sebulba's Podracers,2011,158,810,https://cdn.rebrickable.com/media/sets/7962-1.jpg,Star Wars,NA,6031821
4813,6632,71,2,FALSE,https://cdn.rebrickable.com/media/parts/elements/4211566.jpg,1,7962-1,Technic Beam 1 x 3 Thin,51,Plastic,Technic Beams,Light Bluish Gray,A0A5A9,FALSE,Anakin's and Sebulba's Podracers,2011,158,810,https://cdn.rebrickable.com/media/sets/7962-1.jpg,Star Wars,NA,4211566
4813,6632,71,2,FALSE,https://cdn.rebrickable.com/media/parts/elements/4211566.jpg,1,7962-1,Technic Beam 1 x 3 Thin,51,Plastic,Technic Beams,Light Bluish Gray,A0A5A9,FALSE,Anakin's and Sebulba's Podracers,2011,158,810,https://cdn.rebrickable.com/media/sets/7962-1.jpg,Star Wars,NA,6360043
4813,75c24,148,4,FALSE,https://cdn.rebrickable.com/media/parts/elements/4544002.jpg,1,7962-1,Hose Rigid 3mm D. 24L / 19.2cm,30,Plastic,Tubes and Hoses,Pearl Dark Gray,575857,FALSE,Anakin's and Sebulba's Podracers,2011,158,810,https://cdn.rebrickable.com/media/sets/7962-1.jpg,Star Wars,NA,4544002
4813,75c24,148,4,FALSE,https://cdn.rebrickable.com/media/parts/elements/4544002.jpg,1,7962-1,Hose Rigid 3mm D. 24L / 19.2cm,30,Plastic,Tubes and Hoses,Pearl Dark Gray,575857,FALSE,Anakin's and Sebulba's Podracers,2011,158,810,https://cdn.rebrickable.com/media/sets/7962-1.jpg,Star Wars,NA,4626776
4813,85984,72,4,FALSE,https://cdn.rebrickable.com/media/parts/elements/4567887.jpg,1,7962-1,Slope 30° 1 x 2 x 2/3,3,Plastic,Bricks Sloped,Dark Bluish Gray,6C6E68,FALSE,Anakin's and Sebulba's Podracers,2011,158,810,https://cdn.rebrickable.com/media/sets/7962-1.jpg,Star Wars,NA,4567887
4813,87083,72,2,FALSE,https://cdn.rebrickable.com/media/parts/elements/4560177.jpg,1,7962-1,Technic Axle 4 with Stop,46,Plastic,Technic Axles,Dark Bluish Gray,6C6E68,FALSE,Anakin's and Sebulba's Podracers,2011,158,810,https://cdn.rebrickable.com/media/sets/7962-1.jpg,Star Wars,NA,4560177
4813,87083,72,2,FALSE,https://cdn.rebrickable.com/media/parts/elements/4560177.jpg,1,7962-1,Technic Axle 4 with Stop,46,Plastic,Technic Axles,Dark Bluish Gray,6C6E68,FALSE,Anakin's and Sebulba's Podracers,2011,158,810,https://cdn.rebrickable.com/media/sets/7962-1.jpg,Star Wars,NA,6083620
4813,87087,15,10,FALSE,https://cdn.rebrickable.com/media/parts/elements/4558952.jpg,1,7962-1,Brick Special 1 x 1 with Stud on 1 Side,5,Plastic,Bricks Special,White,FFFFFF,FALSE,Anakin's and Sebulba's Podracers,2011,158,810,https://cdn.rebrickable.com/media/sets/7962-1.jpg,Star Wars,NA,4558952
4813,88293,0,2,FALSE,https://cdn.rebrickable.com/media/parts/elements/4609397.jpg,1,7962-1,Brick Round Corner 3 x 3 x 2 Dome Top,20,Plastic,Bricks Round and Cones,Black,05131D,FALSE,Anakin's and Sebulba's Podracers,2011,158,810,https://cdn.rebrickable.com/media/sets/7962-1.jpg,Star Wars,NA,4609397
4813,92593,72,2,FALSE,https://cdn.rebrickable.com/media/parts/elements/4598769.jpg,1,7962-1,Plate Special 1 x 4 with 2 Studs,9,Plastic,Plates Special,Dark Bluish Gray,6C6E68,FALSE,Anakin's and Sebulba's Podracers,2011,158,810,https://cdn.rebrickable.com/media/sets/7962-1.jpg,Star Wars,NA,4598769
4813,95687,9999,1,FALSE,NA,1,7962-1,Sticker Sheet for Set 7962-1,58,Plastic,Stickers,[No Color/Any Color],05131D,FALSE,Anakin's and Sebulba's Podracers,2011,158,810,https://cdn.rebrickable.com/media/sets/7962-1.jpg,Star Wars,NA,4622098
